,year,sex,suicides_rate,population,gdp_per_capita,HDI for year
0,1985.0,female,1663.7499999999993,2709600,9552,0.0
1,1985.0,male,5148.139999999999,2764300,9228,0.0
2,1986.0,female,1674.049999999999,2803100,9996,0.0
3,1986.0,male,4905.789999999998,2822500,3012,0.0
4,1987.0,female,1857.2099999999991,2807300,5244,0.0
5,1987.0,male,5688.2400000000025,2849300,8364,0.0
6,1988.0,female,1859.080000000001,2903400,10020,7.427999999999998
7,1988.0,male,5614.05,2940200,13524,0.0
8,1989.0,female,1927.1700000000008,2977300,9516,0.0
9,1989.0,male,6109.370000000002,3012700,10788,0.0
10,1990.0,female,2268.2899999999995,3029700,13524,0.0
11,1990.0,male,7610.460000000001,2796300,15588,7.871999999999997
12,1991.0,female,2314.7400000000007,2799349,17412,0.0
13,1991.0,male,8006.319999999999,2818839,18876,0.0
14,1992.0,female,2437.37,2843929,24252,0.0
15,1992.0,male,8091.510000000002,2874991,30528,0.0
16,1993.0,female,2352.189999999999,2783320,35172,8.340000000000002
17,1993.0,male,8438.1,2780176,38820,0.0
18,1994.0,female,2545.93,2770344,46356,0.0
19,1994.0,male,8937.860000000008,2757059,56064,0.0
20,1995.0,female,3004.599999999998,2745735,52644,0.0
21,1995.0,male,11655.659999999998,2736025,52308,8.663999999999998
22,1996.0,female,2917.2400000000016,62574,46200,0.0
23,1996.0,male,11224.97,61270,56880,0.0
24,1997.0,female,2774.1899999999987,60261,67140,0.0
25,1997.0,male,11043.640000000005,59564,80316,0.0
26,1998.0,female,2881.7499999999964,59238,88884,0.0
27,1998.0,male,11268.970000000005,59334,92928,0.0
28,1999.0,female,2922.15,60394,95712,0.0
29,1999.0,male,11551.759999999997,61741,97044,0.0
30,2000.0,female,2984.030000000002,63315,101436,0.0
31,2000.0,male,11403.419999999996,65044,108744,0.0
32,2001.0,female,2899.7400000000025,66846,103632,0.0
33,2001.0,male,11376.470000000003,72225,120936,0.0
34,2002.0,female,2892.7499999999973,73832,124536,0.0
35,2002.0,male,11334.970000000003,75326,132252,0.0
36,2003.0,female,2736.03,76497,125616,0.0
37,2003.0,male,10891.549999999996,77588,125988,0.0
38,2004.0,female,2547.2800000000016,78658,130536,0.0
39,2004.0,male,10034.52,79722,138420,0.0
40,2005.0,female,2523.830000000001,80809,151788,0.0
41,2005.0,male,9641.16000000002,81973,169368,0.0
42,2006.0,female,2432.22,83131,189300,0.0
43,2006.0,male,9733.79,84273,194856,0.0
44,2007.0,female,2576.909999999999,85405,172020,0.0
45,2007.0,male,9833.240000000005,88703,163884,9.371999999999998
46,2008.0,female,2539.5,89779,159444,9.371999999999998
47,2008.0,male,9606.339999999995,90837,169116,9.395999999999997
48,2009.0,female,2418.0799999999995,91889,178236,0.0
49,2009.0,male,9757.960000000006,27090800,39168,8.328000000000001
50,2010.0,female,2326.430000000001,27244400,48864,0.0
51,2010.0,male,9517.560000000007,27599400,48312,0.0
52,2011.0,female,2241.6699999999987,28308000,53496,0.0
53,2011.0,male,9126.17000000001,28702000,32040,0.0
54,2012.0,female,2197.5099999999993,29091100,58308,8.459999999999999
55,2012.0,male,8904.399999999987,29623000,76848,0.0
56,2013.0,female,2095.780000000003,30045400,91380,0.0
57,2013.0,male,8567.859999999999,30477500,93216,0.0
58,2014.0,female,2086.72,30911200,99936,0.0
59,2014.0,male,8220.010000000006,31345400,98784,8.772
60,2015.0,female,1731.0900000000004,31780700,102756,0.0
61,2015.0,male,6522.900000000002,32333781,108684,0.0
62,2016.0,female,385.48999999999995,32757259,109512,0.0
63,2016.0,male,1761.8999999999999,33174862,102552,0.0
64,,,,33585533,101544,9.144000000000002
65,,,,34010946,94800,0.0
66,,,,34407507,34080,0.0
67,,,,34785907,44016,0.0
68,,,,35162945,56196,0.0
69,,,,35550617,67080,9.300000000000002
70,,,,35918886,77700,0.0
71,,,,36315492,95016,0.0
72,,,,36733520,118116,0.0
73,,,,37158001,107532,0.0
74,,,,37578454,135276,9.732
75,,,,38015739,167352,9.815999999999997
76,,,,38441778,170436,9.971999999999996
77,,,,38859125,170472,9.996
78,,,,39276555,160800,10.032000000000002
79,,,,39699624,179772,0.0
80,,,,2983700,9072,7.583999999999999
81,,,,3230800,7680,0.0
82,,,,3308700,4620,0.0
83,,,,3366600,4284,0.0
84,,,,3402500,4644,0.0
85,,,,3443200,5112,7.260000000000002
86,,,,3486300,5496,0.0
87,,,,3526700,5580,0.0
88,,,,3558000,6384,0.0
89,,,,3580700,6180,0.0
90,,,,3606500,6360,7.775999999999999
91,,,,3610516,7044,0.0
92,,,,3014844,9456,0.0
93,,,,3024366,11136,0.0
94,,,,2764396,27720,0.0
95,,,,2735313,40392,0.0
96,,,,3045391,45948,0.0
97,,,,2689695,38580,0.0
98,,,,2676225,41520,8.652
99,,,,2670366,45576,8.676
100,,,,2814300,45276,8.735999999999999
101,,,,2810664,47484,8.772
102,,,,2803029,49704,8.796
103,,,,2795335,45300,0.0
104,,,,2400033,37880,0.0
105,,,,73581,215388,0.0
106,,,,81934,252324,0.0
107,,,,83888,267996,0.0
108,,,,86045,267804,0.0
109,,,,88284,263844,0.0
110,,,,90457,268140,0.0
111,,,,92335,289596,0.0
112,,,,93728,298440,0.0
113,,,,94508,307464,0.0
114,,,,94814,332064,0.0
115,,,,94814,353364,0.0
116,,,,94795,316332,0.0
117,,,,95006,311688,0.0
118,,,,95488,324792,0.0
119,,,,14562500,148488,0.0
120,,,,14809800,147456,0.0
121,,,,15046500,150768,0.0
122,,,,15312100,184716,0.0
123,,,,15570600,230676,0.0
124,,,,15807000,235980,10.38
125,,,,16012100,243840,0.0
126,,,,16203500,240600,0.0
127,,,,16370000,228360,0.0
128,,,,16549400,233628,0.0
129,,,,16766300,262824,10.583999999999998
130,,,,17015100,282312,0.0
131,,,,17221300,302808,0.0
132,,,,17421730,274764,0.0
133,,,,17641702,264192,0.0
134,,,,17874410,278628,10.775999999999998
135,,,,18130883,250320,0.0
136,,,,18370058,257688,0.0
137,,,,18608029,300708,0.0
138,,,,18854551,389448,0.0
139,,,,19109246,468168,0.0
140,,,,19734430,518052,0.0
141,,,,20120312,627780,0.0
142,,,,20529317,541536,0.0
143,,,,20847547,658644,11.123999999999997
144,,,,20881910,801240,11.159999999999998
145,,,,21238909,872028,11.184000000000003
146,,,,21600180,874272,11.196
147,,,,21927587,801708,11.220000000000004
148,,,,22240785,727872,0.0
149,,,,7110115,117108,9.168000000000001
150,,,,7119149,166932,0.0
151,,,,7130006,208980,0.0
152,,,,7144410,223956,0.0
153,,,,7177666,222528,0.0
154,,,,7231353,276240,9.528000000000002
155,,,,7299728,285696,0.0
156,,,,7375368,317400,0.0
157,,,,7433569,307332,0.0
158,,,,7462552,327288,0.0
159,,,,7477030,386844,9.779999999999996
160,,,,7493706,379920,0.0
161,,,,7512589,339900,0.0
162,,,,7533519,347664,0.0
163,,,,7561609,344664,0.0
164,,,,7592073,311064,10.032000000000002
165,,,,7634560,310176,0.0
166,,,,7683162,333264,0.0
167,,,,7722033,406668,0.0
168,,,,7773105,464532,0.0
169,,,,7827461,484404,10.235999999999999
170,,,,7869269,512376,0.0
171,,,,7897272,590616,0.0
172,,,,7925258,651528,0.0
173,,,,7946894,604272,0.0
174,,,,7968421,590172,10.547999999999996
175,,,,7995146,647076,10.572000000000001
176,,,,8031276,611748,10.608000000000002
177,,,,8079615,638748,10.608000000000002
178,,,,8141165,651336,10.62
179,,,,8219386,557808,0.0
180,,,,7484629,469760,0.0
181,,,,6156800,17268,0.0
182,,,,6290600,16776,0.0
183,,,,6370400,9408,0.0
184,,,,6442600,7404,0.0
185,,,,6521200,6096,0.0
186,,,,6605900,5544,7.308
187,,,,6668100,5712,0.0
188,,,,6711200,7080,0.0
189,,,,7044400,7572,0.0
190,,,,7106400,7740,0.0
191,,,,7415250,8532,7.679999999999999
192,,,,7518000,9108,0.0
193,,,,7605700,9840,0.0
194,,,,7674400,11376,0.0
195,,,,7738250,13464,0.0
196,,,,7921100,50064,0.0
197,,,,203700,136716,0.0
198,,,,220900,147432,0.0
199,,,,243500,152376,0.0
200,,,,249300,156876,0.0
201,,,,254500,161676,0.0
202,,,,252438,171564,0.0
203,,,,255956,296880,0.0
204,,,,260125,315228,0.0
205,,,,264791,348228,0.0
206,,,,269738,359304,9.336000000000002
207,,,,276140,361464,0.0
208,,,,282555,377184,0.0
209,,,,288888,368448,0.0
210,,,,295237,368052,0.0
211,,,,301763,391152,9.360000000000001
212,,,,308499,395484,0.0
213,,,,314989,404520,0.0
214,,,,321447,392952,0.0
215,,,,327813,365400,0.0
216,,,,333869,362868,9.288
217,,,,338383,357132,9.336000000000002
218,,,,343558,374448,9.395999999999997
219,,,,348959,365460,9.431999999999997
220,,,,365900,119760,8.724000000000002
221,,,,363900,111852,0.0
222,,,,389700,114012,0.0
223,,,,529754,143820,0.0
224,,,,546008,135900,0.0
225,,,,565762,140436,0.0
226,,,,590594,184140,9.528000000000002
227,,,,624083,172596,0.0
228,,,,661010,174864,0.0
229,,,,702913,189072,0.0
230,,,,751559,209964,0.0
231,,,,819540,233820,9.792000000000002
232,,,,888543,249912,0.0
233,,,,964770,270288,0.0
234,,,,1024110,301272,0.0
235,,,,1092922,251856,0.0
236,,,,1139160,270864,9.828000000000003
237,,,,1103462,312936,9.804
238,,,,1201778,307044,9.828000000000003
239,,,,1214492,321516,9.851999999999999
240,,,,1213966,330036,9.888
241,,,,231000,73644,8.4
242,,,,231600,80640,0.0
243,,,,233700,87996,0.0
244,,,,234800,93156,0.0
245,,,,236000,102492,0.0
246,,,,237000,102444,8.592
247,,,,237000,101628,0.0
248,,,,240000,97548,0.0
249,,,,239600,102480,0.0
250,,,,240300,107436,0.0
251,,,,241200,112536,8.772
252,,,,251133,149160,9.036
253,,,,252406,148176,0.0
254,,,,253353,150132,0.0
255,,,,254122,154644,0.0
256,,,,254925,165432,0.0
257,,,,255889,182760,9.18
258,,,,256883,198372,0.0
259,,,,258083,210336,0.0
260,,,,259414,213120,0.0
261,,,,260718,204084,0.0
262,,,,261927,204408,9.360000000000001
263,,,,263203,212496,9.431999999999997
264,,,,264270,211440,9.516
265,,,,265165,208740,9.42
266,,,,9408800,27612,0.0
267,,,,9476200,22788,0.0
268,,,,9570900,21360,0.0
269,,,,9641100,20268,0.0
270,,,,9653900,18564,0.0
271,,,,9673600,17328,0.0
272,,,,9684800,18288,0.0
273,,,,9692100,17496,0.0
274,,,,9694800,18840,0.0
275,,,,9563200,15228,0.0
276,,,,9543479,16020,8.196
277,,,,9513587,15588,0.0
278,,,,9469234,18492,0.0
279,,,,9420691,22704,0.0
280,,,,9244456,58776,0.0
281,,,,9205746,79212,0.0
282,,,,9169969,64392,0.0
283,,,,8981193,76452,9.431999999999997
284,,,,8947320,82824,9.516
285,,,,8910240,101724,9.552
286,,,,8906977,106188,9.575999999999999
287,,,,9269600,112272,9.288
288,,,,9287100,155904,0.0
289,,,,9291300,193980,0.0
290,,,,9319300,210108,0.0
291,,,,9349200,211908,0.0
292,,,,9369700,264384,9.671999999999997
293,,,,9396600,270276,0.0
294,,,,9428100,300432,0.0
295,,,,9462900,286500,0.0
296,,,,9497400,311064,0.0
297,,,,9527100,364728,10.212
298,,,,9557545,353256,0.0
299,,,,9576223,319308,0.0
300,,,,9620997,325044,0.0
301,,,,9648277,323628,0.0
302,,,,9674025,295104,10.488000000000005
303,,,,9710055,293928,0.0
304,,,,9758570,318312,0.0
305,,,,9804122,390456,0.0
306,,,,9848022,451932,0.0
307,,,,9901014,469488,10.391999999999998
308,,,,9962702,493620,0.0
309,,,,10030266,564480,0.0
310,,,,10100850,616140,0.0
311,,,,10173366,571560,0.0
312,,,,10211171,568260,10.596
313,,,,10355126,610716,10.631999999999998
314,,,,10442637,572136,10.668
315,,,,10526149,593868,10.656
316,,,,10578848,602076,10.680000000000001
317,,,,10624356,513960,0.0
318,,,,146800,18624,0.0
319,,,,144069,23040,0.0
320,,,,153088,28464,0.0
321,,,,158000,31368,7.728000000000001
322,,,,162200,32904,0.0
323,,,,170800,39336,0.0
324,,,,170874,40788,0.0
325,,,,180500,41232,7.967999999999999
326,,,,180926,42540,0.0
327,,,,187650,41844,0.0
328,,,,195108,42372,0.0
329,,,,202699,43380,0.0
330,,,,210109,47520,8.196
331,,,,217279,48156,0.0
332,,,,224136,49932,0.0
333,,,,230890,51468,0.0
334,,,,237791,53388,0.0
335,,,,245020,54564,8.411999999999997
336,,,,252826,57780,0.0
337,,,,260667,59412,0.0
338,,,,268487,61176,0.0
339,,,,276189,58092,0.0
340,,,,283796,59076,8.52
341,,,,291662,61176,8.532000000000002
342,,,,298946,63168,8.592
343,,,,305888,63264,8.58
344,,,,312780,65376,8.58
345,,,,319835,66732,0.0
346,,,,3673312,60912,8.688
347,,,,3654169,60948,8.796
348,,,,117478900,22776,6.912000000000003
349,,,,118776400,27084,0.0
350,,,,122822467,28728,0.0
351,,,,125701294,31536,0.0
352,,,,128570308,39720,0.0
353,,,,131387553,42192,7.2959999999999985
354,,,,134281850,53880,0.0
355,,,,137007021,35088,0.0
356,,,,139615477,37632,0.0
357,,,,142188450,47100,0.0
358,,,,144783591,63756,7.775999999999999
359,,,,147353130,69252,0.0
360,,,,149932627,70692,0.0
361,,,,152524311,67956,0.0
362,,,,155122073,46368,0.0
363,,,,157715991,49872,8.196
364,,,,160178796,41904,0.0
365,,,,162761414,37452,0.0
366,,,,165396911,40512,0.0
367,,,,167993068,47808,0.0
368,,,,170483960,62760,8.424000000000001
369,,,,172974722,76836,0.0
370,,,,175293192,95640,0.0
371,,,,177471632,114660,0.0
372,,,,179569551,111396,0.0
373,,,,181629712,145932,8.844
374,,,,183656441,170940,8.904
375,,,,185591215,159396,8.952000000000002
376,,,,187458852,158292,9.024
377,,,,189285554,155700,9.06
378,,,,191087085,113172,0.0
379,,,,8392500,24528,8.232
380,,,,8391500,28956,0.0
381,,,,8375400,40260,0.0
382,,,,8389800,32256,0.0
383,,,,8403200,31404,0.0
384,,,,8418500,29412,8.340000000000002
385,,,,8431900,15576,0.0
386,,,,8041500,15444,0.0
387,,,,8001000,16248,0.0
388,,,,7995500,14556,0.0
389,,,,7983900,19632,8.351999999999999
390,,,,7963300,15240,0.0
391,,,,7933900,16932,0.0
392,,,,7899500,22224,0.0
393,,,,7866600,20580,0.0
394,,,,7829095,20160,8.556
395,,,,7591926,22248,0.0
396,,,,7544410,25884,0.0
397,,,,7493166,33600,0.0
398,,,,7447563,41820,0.0
399,,,,7404051,48036,8.988000000000003
400,,,,7358508,55656,0.0
401,,,,7312474,72876,0.0
402,,,,7267511,89844,0.0
403,,,,7219817,86232,0.0
404,,,,7162740,84792,9.275999999999998
405,,,,7056527,97644,9.300000000000002
406,,,,6959652,92940,9.336000000000002
407,,,,6920644,96684,9.348
408,,,,6883874,98892,9.384
409,,,,452179,49488,0.0
410,,,,23499900,186264,9.924000000000001
411,,,,23499100,192744,0.0
412,,,,23798100,217488,0.0
413,,,,24080600,252828,0.0
414,,,,24368400,278256,0.0
415,,,,24704400,288492,10.188
416,,,,25390400,288456,0.0
417,,,,26454400,268716,0.0
418,,,,26944700,257052,0.0
419,,,,27246000,254628,0.0
420,,,,27618500,262452,10.332
421,,,,27706600,272232,0.0
422,,,,28085100,278940,0.0
423,,,,28372536,267216,0.0
424,,,,28681643,282864,0.0
425,,,,29008565,307068,10.404
426,,,,29262055,301980,0.0
427,,,,29642114,306840,0.0
428,,,,29958833,357444,0.0
429,,,,30283966,405444,0.0
430,,,,30597090,458616,10.703999999999999
431,,,,30902962,510792,0.0
432,,,,31242631,562680,0.0
433,,,,31588641,588492,0.0
434,,,,31937357,515196,0.0
435,,,,32286140,599688,10.836000000000004
436,,,,32615418,658092,10.908000000000001
437,,,,32961196,664164,10.92
438,,,,33314836,663720,10.944000000000003
439,,,,10675400,19896,7.848
440,,,,10931700,20736,0.0
441,,,,11209000,23820,0.0
442,,,,11306000,27636,0.0
443,,,,11501000,31188,0.0
444,,,,11709000,33936,8.388
445,,,,11871000,38244,0.0
446,,,,12125000,45492,0.0
447,,,,12306400,48072,0.0
448,,,,12526600,54612,0.0
449,,,,12897643,68340,8.676
450,,,,13125089,71352,0.0
451,,,,13339550,76416,0.0
452,,,,13543940,72276,0.0
453,,,,13743882,65640,0.0
454,,,,13943575,67008,9.024
455,,,,14139590,60240,0.0
456,,,,14332840,58392,0.0
457,,,,14523758,62496,0.0
458,,,,14710993,80928,0.0
459,,,,14893574,99072,9.456000000000001
460,,,,15071596,123240,0.0
461,,,,15245435,136644,0.0
462,,,,15415661,139836,0.0
463,,,,15584149,132744,0.0
464,,,,15751851,166488,9.768
465,,,,15910783,190248,9.851999999999999
466,,,,16075247,199404,9.924000000000001
467,,,,16242244,205680,9.959999999999999
468,,,,16406867,190596,9.984000000000002
469,,,,16565725,176748,0.0
470,,,,25052400,16716,6.876000000000001
471,,,,25585600,16392,0.0
472,,,,28009432,15588,0.0
473,,,,28649501,16428,0.0
474,,,,29289829,16200,0.0
475,,,,29930973,16152,7.152
476,,,,30584178,16176,0.0
477,,,,29615400,19968,0.0
478,,,,30242200,22140,0.0
479,,,,30874600,31752,0.0
480,,,,33090899,33552,7.547999999999998
481,,,,33703636,34596,0.0
482,,,,34338825,37272,0.0
483,,,,34987039,33768,0.0
484,,,,35629408,29028,0.0
485,,,,36252342,33060,7.848
486,,,,36884428,31944,0.0
487,,,,37478276,31356,0.0
488,,,,38044513,29868,0.0
489,,,,38604716,36396,0.0
490,,,,39172790,44904,8.148000000000001
491,,,,39708676,49140,0.0
492,,,,40275206,61800,0.0
493,,,,40859129,71652,0.0
494,,,,41436173,67716,0.0
495,,,,41989103,82032,8.471999999999998
496,,,,42538305,94620,8.556
497,,,,43055864,103032,8.58
498,,,,43546298,104772,8.616
499,,,,44021800,103092,8.639999999999999
500,,,,44490427,78624,0.0
501,,,,2236200,25740,7.476000000000002
502,,,,2292900,28668,0.0
503,,,,2400700,29196,0.0
504,,,,2465200,29520,0.0
505,,,,2556000,32232,0.0
506,,,,2627800,33804,7.824000000000001
507,,,,2704000,31812,0.0
508,,,,2778400,36840,0.0
509,,,,2853700,40104,0.0
510,,,,2929100,42744,0.0
511,,,,3135200,44064,8.184000000000003
512,,,,3192446,43668,0.0
513,,,,3279559,45924,0.0
514,,,,3365726,48552,0.0
515,,,,3449923,49380,0.0
516,,,,3531421,50796,8.447999999999999
517,,,,3606850,52944,0.0
518,,,,3680372,53820,0.0
519,,,,3751871,54996,0.0
520,,,,3820857,58200,0.0
521,,,,3887096,61596,8.676
522,,,,3953916,68592,0.0
523,,,,4015241,79932,0.0
524,,,,4072561,90204,0.0
525,,,,4128459,88836,0.0
526,,,,4184663,106872,9.0
527,,,,4235514,119736,9.072000000000001
528,,,,4290210,129984,9.132
529,,,,4347229,137316,9.168000000000001
530,,,,4403674,137820,9.191999999999998
531,,,,4497400,59736,8.328000000000001
532,,,,4220800,67320,0.0
533,,,,4295100,66552,0.0
534,,,,4227900,72180,0.0
535,,,,4283800,65508,0.0
536,,,,4118000,63456,8.988000000000003
537,,,,4180633,66852,0.0
538,,,,4217300,76476,0.0
539,,,,4225600,98424,0.0
540,,,,4229600,117948,0.0
541,,,,4235875,128664,9.384
542,,,,4234946,142968,0.0
543,,,,4230855,170448,0.0
544,,,,4225583,200160,0.0
545,,,,4216050,178464,0.0
546,,,,4203963,170784,9.684000000000003
547,,,,4189029,178680,9.768
548,,,,4054296,167424,9.804
549,,,,4044457,172344,9.804
550,,,,4030452,171588,9.815999999999997
551,,,,4001669,148212,0.0
552,,,,3567043,129050,0.0
553,,,,9915600,26724,0.0
554,,,,10004200,26832,0.0
555,,,,10089300,33840,0.0
556,,,,10168400,35916,7.836000000000002
557,,,,10241600,29316,0.0
558,,,,10260492,29664,0.0
559,,,,10307978,29964,0.0
560,,,,10350039,32892,0.0
561,,,,10397209,35280,8.220000000000002
562,,,,10433428,36444,0.0
563,,,,10479415,38460,0.0
564,,,,10531074,40908,0.0
565,,,,10578701,43332,0.0
566,,,,10616406,48204,8.760000000000002
567,,,,10653638,59412,0.0
568,,,,10678023,65856,0.0
569,,,,10693814,68232,0.0
570,,,,10708230,69564,0.0
571,,,,10725848,71964,9.336000000000002
572,,,,10748034,77028,9.312
573,,,,10770535,81492,9.264000000000001
574,,,,10792690,85776,9.216
575,,,,10813411,89508,9.228
576,,,,10832068,96528,0.0
577,,,,856733,148668,0.0
578,,,,875229,139620,9.6
579,,,,690616,302724,0.0
580,,,,701263,320052,9.959999999999999
581,,,,713426,343200,0.0
582,,,,728566,396576,0.0
583,,,,747034,447204,0.0
584,,,,767174,405792,0.0
585,,,,787081,389724,10.176000000000002
586,,,,800820,410988,10.224000000000002
587,,,,814305,369024,10.224000000000002
588,,,,813016,355488,10.199999999999998
589,,,,804818,348288,10.199999999999998
590,,,,796037,296616,0.0
591,,,,711344,250980,0.0
592,,,,9710900,50016,9.132
593,,,,9667500,36840,0.0
594,,,,9681900,42876,0.0
595,,,,9703400,50232,0.0
596,,,,9723700,58692,0.0
597,,,,9744300,73608,9.42
598,,,,9763900,82332,0.0
599,,,,9786700,75768,0.0
600,,,,9808300,81348,0.0
601,,,,9819215,79272,0.0
602,,,,9819742,75336,9.851999999999999
603,,,,9838083,82356,0.0
604,,,,9752463,100788,0.0
605,,,,9748550,122640,0.0
606,,,,9746647,146712,0.0
607,,,,9761733,167532,10.163999999999996
608,,,,9780319,190752,0.0
609,,,,9818295,231276,0.0
610,,,,9899594,285732,0.0
611,,,,9937407,248976,0.0
612,,,,9945273,250344,10.355999999999996
613,,,,9906318,276120,10.391999999999998
614,,,,9923127,250776,10.404
615,,,,9936780,252876,10.416000000000002
616,,,,9963127,250308,10.439999999999998
617,,,,9989325,224436,0.0
618,,,,8929942,195050,0.0
619,,,,4874900,384408,0.0
620,,,,4889100,454092,9.959999999999999
621,,,,4917300,457896,0.0
622,,,,4937300,421776,0.0
623,,,,4956400,428520,0.0
624,,,,4976200,429156,0.0
625,,,,4998610,394092,10.344
626,,,,5018451,394044,0.0
627,,,,5041222,425220,0.0
628,,,,5056783,517548,0.0
629,,,,5072927,594624,0.0
630,,,,5089852,623520,10.823999999999998
631,,,,5110460,664248,0.0
632,,,,5133001,746748,0.0
633,,,,5162525,821364,0.0
634,,,,5192790,742356,0.0
635,,,,5217785,740532,10.895999999999995
636,,,,5244150,787176,11.040000000000001
637,,,,5270539,744852,11.051999999999998
638,,,,5299698,777972,11.075999999999999
639,,,,5339166,793368,11.075999999999999
640,,,,5383060,671664,0.0
641,,,,66400,17820,0.0
642,,,,7661800,26856,7.572000000000002
643,,,,7881300,23316,0.0
644,,,,8356800,20028,0.0
645,,,,8593200,18228,0.0
646,,,,8578619,19428,0.0
647,,,,8800933,20784,7.739999999999998
648,,,,9091700,22428,0.0
649,,,,9253155,23460,0.0
650,,,,9488483,23952,0.0
651,,,,9725255,28020,0.0
652,,,,9960563,29436,7.98
653,,,,10195848,29688,0.0
654,,,,10427773,32412,0.0
655,,,,10656446,31512,0.0
656,,,,10883283,21660,0.0
657,,,,11109383,19800,8.088000000000003
658,,,,11328328,25920,0.0
659,,,,11548770,29664,0.0
660,,,,11771002,33060,0.0
661,,,,11994153,36612,0.0
662,,,,12217643,40764,8.376000000000001
663,,,,12449374,45108,0.0
664,,,,12677354,48288,0.0
665,,,,12903183,57444,0.0
666,,,,13130161,57144,0.0
667,,,,13360285,62472,8.604000000000003
668,,,,13583553,70032,8.676
669,,,,13815861,76368,8.724000000000002
670,,,,14054613,81228,8.760000000000002
671,,,,14295145,85392,8.784
672,,,,14534024,81984,0.0
673,,,,4510552,12816,6.264000000000002
674,,,,4576985,13776,0.0
675,,,,4591600,15192,0.0
676,,,,4694300,17076,0.0
677,,,,4836397,22140,6.791999999999999
678,,,,4892391,23508,0.0
679,,,,4949302,24780,0.0
680,,,,5006338,26220,0.0
681,,,,5062759,26748,0.0
682,,,,5118189,27636,7.235999999999998
683,,,,5175094,28476,0.0
684,,,,5230458,29052,0.0
685,,,,5283542,30084,0.0
686,,,,5333170,30876,0.0
687,,,,5378879,32796,7.656
688,,,,5429044,35364,0.0
689,,,,5467861,37332,0.0
690,,,,5499287,39252,0.0
691,,,,5528910,38208,0.0
692,,,,5560453,39816,7.836000000000002
693,,,,5585785,43572,7.895999999999997
694,,,,5618823,45672,7.944
695,,,,5657250,46620,7.967999999999999
696,,,,5696329,47580,7.992000000000001
697,,,,1356651,38688,8.628000000000002
698,,,,1342202,42432,0.0
699,,,,1331234,45672,0.0
700,,,,1321719,51000,0.0
701,,,,1313198,52332,0.0
702,,,,1334175,51144,9.360000000000001
703,,,,1325610,56532,0.0
704,,,,1316690,66732,0.0
705,,,,1307160,90276,0.0
706,,,,1297650,111516,0.0
707,,,,1288495,130440,9.888
708,,,,1278915,159168,0.0
709,,,,1270415,210048,0.0
710,,,,1264005,229692,0.0
711,,,,1259010,187308,0.0
712,,,,1254225,186480,10.055999999999997
713,,,,1249427,222540,10.188
714,,,,1251631,220932,10.260000000000003
715,,,,1243096,242652,10.308000000000002
716,,,,1241852,253404,10.332
717,,,,1243450,217788,0.0
718,,,,719459,27684,0.0
719,,,,723187,30576,0.0
720,,,,725591,38304,0.0
721,,,,728408,44928,0.0
722,,,,732607,49248,8.328000000000001
723,,,,737759,50472,0.0
724,,,,745055,54840,0.0
725,,,,753658,56100,0.0
726,,,,762403,45180,0.0
727,,,,776325,58344,8.639999999999999
728,,,,782939,60876,8.663999999999998
729,,,,4614100,238332,0.0
730,,,,4633600,282552,0.0
731,,,,4654300,306984,0.0
732,,,,4675100,363252,9.395999999999997
733,,,,4698500,326568,0.0
734,,,,4720900,286284,0.0
735,,,,4741000,225912,0.0
736,,,,4761600,260388,0.0
737,,,,4781300,336816,9.779999999999996
738,,,,4802200,330096,0.0
739,,,,4823200,315552,0.0
740,,,,4844673,331752,0.0
741,,,,4864255,333600,0.0
742,,,,4881820,308592,10.283999999999999
743,,,,4898983,316596,0.0
744,,,,4915614,340680,0.0
745,,,,4929856,416412,0.0
746,,,,4944765,477516,0.0
747,,,,4961784,494424,10.427999999999999
748,,,,4979740,521844,0.0
749,,,,4998853,613068,0.0
750,,,,5020096,678252,0.0
751,,,,5042316,598536,0.0
752,,,,5063494,587268,10.536
753,,,,5085985,645708,10.572000000000001
754,,,,5110450,602784,10.583999999999998
755,,,,5135433,630864,10.583999999999998
756,,,,5159944,633984,10.596
757,,,,5181797,538344,0.0
758,,,,51382600,129180,8.891999999999998
759,,,,51637600,179280,0.0
760,,,,51900800,215988,0.0
761,,,,52157600,234408,0.0
762,,,,52417900,234696,0.0
763,,,,52952900,287616,9.348
764,,,,53282900,285852,0.0
765,,,,53622300,313632,0.0
766,,,,53945400,294252,0.0
767,,,,54247100,308364,0.0
768,,,,54528500,352356,9.899999999999999
769,,,,54791600,351660,0.0
770,,,,55045500,316728,0.0
771,,,,55280700,326280,0.0
772,,,,55043393,325416,0.0
773,,,,55267624,295776,10.176000000000002
774,,,,55511272,297552,0.0
775,,,,55935517,320568,0.0
776,,,,56360402,391872,0.0
777,,,,56813922,446880,0.0
778,,,,57160687,461040,10.404
779,,,,57824447,481164,0.0
780,,,,58167011,548184,0.0
781,,,,58482967,598812,0.0
782,,,,58770727,549300,0.0
783,,,,59056283,536964,10.572000000000001
784,,,,59344643,578604,10.608000000000002
785,,,,59638457,540024,10.631999999999998
786,,,,59910069,563064,10.644000000000004
787,,,,60275954,567816,10.656
788,,,,4986400,18660,0.0
789,,,,5018550,15204,0.0
790,,,,4988700,8880,0.0
791,,,,4518900,6672,0.0
792,,,,4410850,7332,0.0
793,,,,4310350,8616,0.0
794,,,,4240600,9936,0.0
795,,,,4209250,10296,0.0
796,,,,4187750,8028,0.0
797,,,,4165600,8808,8.063999999999998
798,,,,4140950,9324,0.0
799,,,,4089850,15036,0.0
800,,,,4132000,18624,8.532000000000002
801,,,,4166500,22308,0.0
802,,,,4154900,29376,0.0
803,,,,4158750,31068,0.0
804,,,,4193800,33300,8.82
805,,,,4202600,41220,8.88
806,,,,4200900,45264,8.964
807,,,,4192600,46200,9.0
808,,,,3470600,57084,9.047999999999998
809,,,,3458400,48552,0.0
810,,,,74958800,282552,9.612
811,,,,75495900,295944,0.0
812,,,,76131700,334656,0.0
813,,,,76793400,323244,0.0
814,,,,77163400,343056,0.0
815,,,,77547500,401040,9.959999999999999
816,,,,77882500,385764,0.0
817,,,,78067900,341040,0.0
818,,,,78071100,344796,0.0
819,,,,78141200,337848,0.0
820,,,,78242066,299064,10.260000000000003
821,,,,78421514,298488,0.0
822,,,,78633771,317292,0.0
823,,,,78756461,381792,0.0
824,,,,78811814,429264,0.0
825,,,,78851254,435468,10.644000000000004
826,,,,78828994,457056,0.0
827,,,,78776585,524004,0.0
828,,,,78662789,572424,0.0
829,,,,78448602,522840,0.0
830,,,,78349067,523368,10.872
831,,,,78371140,575364,10.931999999999997
832,,,,78508115,541704,10.979999999999997
833,,,,77270988,582756,10.979999999999997
834,,,,77552369,602004,10.992000000000003
835,,,,78136683,518412,0.0
836,,,,9275400,61872,8.891999999999998
837,,,,9334000,72480,0.0
838,,,,9387400,83928,0.0
839,,,,9450000,96840,0.0
840,,,,9527500,99720,0.0
841,,,,9617000,122148,9.108000000000002
842,,,,9721144,129792,0.0
843,,,,9834155,141816,0.0
844,,,,9930405,131484,0.0
845,,,,10018932,139656,0.0
846,,,,10101632,162600,9.264000000000001
847,,,,10178479,171960,0.0
848,,,,10248806,167616,0.0
849,,,,10310630,168096,0.0
850,,,,10362363,165072,0.0
851,,,,10403059,150108,9.588000000000001
852,,,,10441529,156516,0.0
853,,,,10482045,176112,0.0
854,,,,10515665,230424,0.0
855,,,,10547290,273648,0.0
856,,,,10582816,280968,10.235999999999999
857,,,,10618891,308868,0.0
858,,,,10653591,358752,0.0
859,,,,10686723,398016,0.0
860,,,,10719618,369420,0.0
861,,,,10735384,334632,10.404
862,,,,10728724,321900,10.368000000000002
863,,,,10539802,279708,10.38
864,,,,10431289,275928,10.355999999999996
865,,,,10380547,274008,10.38
866,,,,10331286,227124,0.0
867,,,,85375,23580,0.0
868,,,,87300,32484,0.0
869,,,,81805,39216,0.0
870,,,,82000,40692,0.0
871,,,,82400,43800,0.0
872,,,,83528,44556,0.0
873,,,,85304,43584,0.0
874,,,,87036,44820,0.0
875,,,,88433,46428,0.0
876,,,,89772,49044,0.0
877,,,,91415,68316,0.0
878,,,,91908,70548,0.0
879,,,,92567,76620,0.0
880,,,,93202,77136,0.0
881,,,,93685,89064,0.0
882,,,,94126,89076,0.0
883,,,,94418,96420,0.0
884,,,,94585,104796,0.0
885,,,,94746,97680,0.0
886,,,,94980,97416,8.844
887,,,,95102,98256,8.868
888,,,,95426,100584,8.88
889,,,,95876,105468,8.904
890,,,,96393,113472,9.0
891,,,,96892,123480,0.0
892,,,,79012,108380,0.0
893,,,,6924188,12528,0.0
894,,,,7108740,11964,0.0
895,,,,7300076,12888,0.0
896,,,,7493108,13464,0.0
897,,,,7683992,11952,5.795999999999999
898,,,,7880665,14328,0.0
899,,,,8069672,15528,0.0
900,,,,8254958,16572,0.0
901,,,,8443914,18456,0.0
902,,,,8641512,20352,6.156
903,,,,8832326,21300,0.0
904,,,,9044205,23604,0.0
905,,,,9273529,25092,0.0
906,,,,9512666,23112,0.0
907,,,,9755585,23724,6.623999999999999
908,,,,10015097,22404,0.0
909,,,,10277166,24264,0.0
910,,,,10542980,24948,0.0
911,,,,10817808,26580,0.0
912,,,,11104906,29400,6.912000000000003
913,,,,11397134,31836,0.0
914,,,,11708397,34968,0.0
915,,,,12032885,39024,0.0
916,,,,12359945,36636,0.0
917,,,,12682151,39120,7.331999999999998
918,,,,13017342,43932,7.404
919,,,,13335425,45348,7.487999999999999
920,,,,13641878,47364,7.512000000000001
921,,,,13947190,50520,7.523999999999998
922,,,,14258397,53664,0.0
923,,,,654894,7584,0.0
924,,,,654104,6972,0.0
925,,,,653426,7284,6.503999999999999
926,,,,654620,6168,0.0
927,,,,656713,6732,0.0
928,,,,658831,8052,0.0
929,,,,660582,9828,0.0
930,,,,661682,11268,6.971999999999998
931,,,,659048,12840,0.0
932,,,,657584,13668,0.0
933,,,,657089,13104,0.0
934,,,,657094,12684,0.0
935,,,,660426,12648,0.0
936,,,,662839,13080,0.0
937,,,,664705,13392,0.0
938,,,,666308,14160,0.0
939,,,,667709,14820,7.416000000000001
940,,,,668408,26184,0.0
941,,,,668788,31224,0.0
942,,,,669253,34476,0.0
943,,,,670155,36912,0.0
944,,,,671825,40608,7.487999999999999
945,,,,675283,45780,7.56
946,,,,679356,50544,7.547999999999998
947,,,,683867,52464,7.608000000000001
948,,,,9757766,42732,0.0
949,,,,9754956,47640,0.0
950,,,,9747902,49392,0.0
951,,,,9740817,53172,0.0
952,,,,9737248,57204,8.88
953,,,,9737250,57504,0.0
954,,,,9737781,58272,0.0
955,,,,9734373,60120,0.0
956,,,,9553064,61764,0.0
957,,,,9527034,59592,9.228
958,,,,9704598,66552,0.0
959,,,,9680164,83940,0.0
960,,,,9652533,106080,0.0
961,,,,9630044,129672,0.0
962,,,,9608943,141168,9.623999999999997
963,,,,9591110,144252,0.0
964,,,,9572938,175308,0.0
965,,,,9552784,198480,0.0
966,,,,9534237,164364,0.0
967,,,,9514005,165132,9.851999999999999
968,,,,9495011,177924,9.876000000000003
969,,,,9453181,162300,9.876000000000003
970,,,,9433840,171996,9.899999999999999
971,,,,9412788,178632,9.936
972,,,,9389519,157044,0.0
973,,,,8390370,134480,0.0
974,,,,220100,160284,9.312
975,,,,222300,212172,0.0
976,,,,225600,289284,0.0
977,,,,229200,314988,0.0
978,,,,232000,289068,0.0
979,,,,233300,327792,9.623999999999997
980,,,,235900,346284,0.0
981,,,,238000,351732,0.0
982,,,,240500,305688,0.0
983,,,,242700,311244,0.0
984,,,,244700,344160,9.911999999999999
985,,,,246500,356880,0.0
986,,,,248929,363912,0.0
987,,,,252253,402156,0.0
988,,,,255820,418296,0.0
989,,,,259723,412464,10.308000000000002
990,,,,263738,370200,0.0
991,,,,266455,414672,0.0
992,,,,268330,506088,0.0
993,,,,271588,606336,0.0
994,,,,274929,728544,10.668
995,,,,282999,722916,0.0
996,,,,289712,883080,0.0
997,,,,296836,713868,0.0
998,,,,296204,524400,0.0
999,,,,294620,542148,10.703999999999999
1000,,,,295475,598332,10.752000000000002
1001,,,,297238,576996,10.764000000000001
1002,,,,300456,620988,10.788000000000004
1003,,,,304472,681996,10.788000000000004
1004,,,,308554,658908,0.0
1005,,,,268773,647080,0.0
1006,,,,3208200,79656,8.904
1007,,,,3216700,107244,0.0
1008,,,,3229700,126180,0.0
1009,,,,3233500,140352,0.0
1010,,,,3223200,146256,0.0
1011,,,,3224000,183744,9.239999999999998
1012,,,,3252100,183936,0.0
1013,,,,3283400,204612,0.0
1014,,,,3306500,190464,0.0
1015,,,,3326000,206256,0.0
1016,,,,3345900,248268,9.636
1017,,,,3375800,269736,0.0
1018,,,,3414285,291108,0.0
1019,,,,3449415,313380,0.0
1020,,,,3481871,340128,0.0
1021,,,,3523376,340080,10.332
1022,,,,3573974,366432,0.0
1023,,,,3639573,421848,0.0
1024,,,,3694079,533676,0.0
1025,,,,3752679,619944,0.0
1026,,,,3833357,662556,10.739999999999997
1027,,,,3937578,707292,0.0
1028,,,,4026707,804384,0.0
1029,,,,4094192,806076,0.0
1030,,,,4117667,688680,0.0
1031,,,,4264857,624504,10.895999999999995
1032,,,,4218849,679860,10.908000000000001
1033,,,,4220806,641316,10.92
1034,,,,4227378,679536,10.944000000000003
1035,,,,4328043,715608,10.992000000000003
1036,,,,3753500,87900,9.216
1037,,,,3813500,107256,0.0
1038,,,,3878100,126696,0.0
1039,,,,3947300,152244,0.0
1040,,,,4021100,148860,0.0
1041,,,,4156100,170316,9.42
1042,,,,4423200,183204,0.0
1043,,,,4588900,197628,0.0
1044,,,,4717000,193224,0.0
1045,,,,4844900,213768,0.0
1046,,,,4977700,241908,9.804
1047,,,,5103700,258540,0.0
1048,,,,5233500,263052,0.0
1049,,,,5360200,259644,0.0
1050,,,,5497047,255828,0.0
1051,,,,5643291,281412,10.199999999999998
1052,,,,5777467,271476,0.0
1053,,,,5895508,246432,0.0
1054,,,,6003127,253596,0.0
1055,,,,6109931,266016,0.0
1056,,,,6220861,274812,10.439999999999998
1057,,,,6334485,291672,0.0
1058,,,,6448814,332544,0.0
1059,,,,6565602,394488,0.0
1060,,,,6731835,369744,0.0
1061,,,,6849825,409248,10.596
1062,,,,6971495,450336,10.656
1063,,,,7095360,435156,10.680000000000001
1064,,,,7226008,485724,10.716000000000001
1065,,,,7366252,502428,10.728
1066,,,,7516180,477516,0.0
1067,,,,54114700,99948,8.855999999999998
1068,,,,54267500,141144,0.0
1069,,,,54424100,177072,0.0
1070,,,,54579700,195384,0.0
1071,,,,54697200,203064,0.0
1072,,,,54831700,257664,9.191999999999998
1073,,,,54465500,273660,0.0
1074,,,,54154898,291564,0.0
1075,,,,54140523,235260,0.0
1076,,,,54143049,242820,0.0
1077,,,,54141172,259500,9.588000000000001
1078,,,,54150332,290064,0.0
1079,,,,54181477,274428,0.0
1080,,,,54250592,280104,0.0
1081,,,,54280527,276024,0.0
1082,,,,54298946,252324,9.948
1083,,,,54333844,256704,0.0
1084,,,,54526842,278724,0.0
1085,,,,54937570,342864,0.0
1086,,,,54988156,392448,0.0
1087,,,,55244690,402432,10.272
1088,,,,56180672,414936,0.0
1089,,,,56583578,467220,0.0
1090,,,,57009825,503220,0.0
1091,,,,57351830,457212,0.0
1092,,,,57637843,442428,10.427999999999999
1093,,,,56610149,482520,10.475999999999999
1094,,,,56795085,437964,10.464
1095,,,,57503331,444600,10.475999999999999
1096,,,,58100676,444420,10.475999999999999
1097,,,,58117697,378444,0.0
1098,,,,2035000,12384,7.800000000000002
1099,,,,2052531,16104,0.0
1100,,,,2070760,19044,0.0
1101,,,,2090603,21972,0.0
1102,,,,2111039,25044,0.0
1103,,,,2131041,25860,8.052000000000001
1104,,,,2154835,22668,0.0
1105,,,,2367841,45540,8.4
1106,,,,2391278,46056,0.0
1107,,,,2415717,48156,0.0
1108,,,,2440426,46224,0.0
1109,,,,2464408,49428,0.0
1110,,,,2487169,54060,8.748000000000001
1111,,,,2512597,56856,0.0
1112,,,,2568883,56232,0.0
1113,,,,2586652,61200,8.724000000000002
1114,,,,2601037,66624,8.724000000000002
1115,,,,112809200,148812,9.492
1116,,,,113679000,219456,0.0
1117,,,,114416000,265644,0.0
1118,,,,115101000,320244,0.0
1119,,,,115766000,316668,0.0
1120,,,,116251400,323388,9.768
1121,,,,116802000,368256,0.0
1122,,,,117311000,399840,0.0
1123,,,,117735000,453984,0.0
1124,,,,118064000,498756,0.0
1125,,,,118349500,552516,10.055999999999997
1126,,,,118785000,488316,0.0
1127,,,,119060000,444960,0.0
1128,,,,119338000,405492,0.0
1129,,,,119540000,457968,0.0
1130,,,,119752660,489756,10.283999999999999
1131,,,,120066000,430116,0.0
1132,,,,120189000,410868,0.0
1133,,,,120395000,443112,0.0
1134,,,,120500000,479520,0.0
1135,,,,120657507,472944,10.488000000000005
1136,,,,120702000,450408,0.0
1137,,,,120704000,448896,0.0
1138,,,,120602000,501276,0.0
1139,,,,120496000,520980,0.0
1140,,,,121127267,564708,10.608000000000002
1141,,,,120927000,611028,10.631999999999998
1142,,,,120735000,616548,10.656
1143,,,,120514000,513372,10.680000000000001
1144,,,,120274000,483936,10.691999999999998
1145,,,,120376310,438120,0.0
1146,,,,14773900,21876,8.279999999999998
1147,,,,14952800,19968,0.0
1148,,,,15150100,19728,0.0
1149,,,,15331400,18324,0.0
1150,,,,15229600,16740,0.0
1151,,,,14989600,16308,7.967999999999999
1152,,,,14487700,17424,0.0
1153,,,,14394600,18480,0.0
1154,,,,13844200,19188,0.0
1155,,,,13773400,14700,0.0
1156,,,,13772422,15936,8.148000000000001
1157,,,,13772696,19296,0.0
1158,,,,13777476,21456,0.0
1159,,,,13811863,26784,0.0
1160,,,,13873328,37320,0.0
1161,,,,13947770,49152,8.952000000000002
1162,,,,14037676,69240,0.0
1163,,,,14125606,89076,0.0
1164,,,,14216053,112644,0.0
1165,,,,14370635,96288,0.0
1166,,,,14713167,120744,9.191999999999998
1167,,,,14853350,155628,9.264000000000001
1168,,,,15023549,166140,9.336000000000002
1169,,,,15215382,186624,9.42
1170,,,,15428844,172212,9.456000000000001
1171,,,,15646752,141408,0.0
1172,,,,61855,9216,0.0
1173,,,,62856,9108,0.0
1174,,,,63848,8820,0.0
1175,,,,64871,10140,0.0
1176,,,,65923,10260,0.0
1177,,,,67126,11892,0.0
1178,,,,68328,11856,0.0
1179,,,,69570,11268,0.0
1180,,,,70938,11676,0.0
1181,,,,72440,11136,0.0
1182,,,,73851,10248,0.0
1183,,,,1468000,175284,8.784
1184,,,,1535300,139932,0.0
1185,,,,1606300,167088,0.0
1186,,,,1273600,225576,0.0
1187,,,,1448000,205932,0.0
1188,,,,1511100,215940,9.024
1189,,,,1568700,240912,0.0
1190,,,,1617500,225192,0.0
1191,,,,1825766,170508,0.0
1192,,,,1898700,190368,0.0
1193,,,,1973153,229344,9.648000000000001
1194,,,,2038530,205392,0.0
1195,,,,2158603,212016,0.0
1196,,,,1950622,294528,0.0
1197,,,,1996086,357336,0.0
1198,,,,2062968,469992,9.540000000000001
1199,,,,2165713,562680,0.0
1200,,,,3074918,447396,0.0
1201,,,,3369394,524952,0.0
1202,,,,3165654,401436,0.0
1203,,,,3281614,422052,9.707999999999998
1204,,,,3333698,554436,9.744
1205,,,,3496698,597372,9.779999999999996
1206,,,,3574090,584748,9.792000000000002
1207,,,,3715284,525288,9.792000000000002
1208,,,,3737300,8580,7.380000000000002
1209,,,,3796500,8124,0.0
1210,,,,3839300,7236,0.0
1211,,,,3841200,6336,0.0
1212,,,,3851100,5244,0.0
1213,,,,3905400,5100,6.744000000000002
1214,,,,3978800,5508,0.0
1215,,,,4059900,5220,0.0
1216,,,,4139700,4776,0.0
1217,,,,4298100,3492,0.0
1218,,,,4369202,3756,7.116
1219,,,,4425784,4140,0.0
1220,,,,4473163,4308,0.0
1221,,,,4520843,5088,0.0
1222,,,,4572278,5808,0.0
1223,,,,4614533,6396,7.367999999999999
1224,,,,4646475,7320,0.0
1225,,,,4668640,9768,0.0
1226,,,,4690924,13152,0.0
1227,,,,4800134,11724,0.0
1228,,,,4837556,11892,7.608000000000001
1229,,,,4870538,15276,7.668000000000002
1230,,,,4932360,16068,7.739999999999998
1231,,,,5012200,17556,7.824000000000001
1232,,,,5096430,17580,7.860000000000002
1233,,,,5195827,15420,0.0
1234,,,,2374700,29256,8.040000000000001
1235,,,,2363400,30312,0.0
1236,,,,2354700,33252,0.0
1237,,,,2344100,36732,0.0
1238,,,,2333400,38736,0.0
1239,,,,2272107,41928,8.724000000000002
1240,,,,2242227,44688,0.0
1241,,,,2214484,51732,0.0
1242,,,,2190211,64368,0.0
1243,,,,2163477,79728,0.0
1244,,,,2137831,94992,9.671999999999997
1245,,,,2115215,121668,0.0
1246,,,,2093878,177096,0.0
1247,,,,2067529,206604,0.0
1248,,,,2030316,154680,0.0
1249,,,,1987906,143412,9.732
1250,,,,1953611,173364,9.744
1251,,,,1931521,174696,9.756
1252,,,,1912464,189840,9.792000000000002
1253,,,,1894041,198528,9.828000000000003
1254,,,,1875522,172584,0.0
1255,,,,3387149,27888,8.411999999999997
1256,,,,3375163,29808,0.0
1257,,,,3364273,36096,0.0
1258,,,,3350973,40248,0.0
1259,,,,3333452,39504,0.0
1260,,,,3315125,41772,9.047999999999998
1261,,,,3294138,44628,0.0
1262,,,,3274488,52320,0.0
1263,,,,3254127,69336,0.0
1264,,,,3222969,84336,0.0
1265,,,,3174728,98748,9.671999999999997
1266,,,,3125767,116004,0.0
1267,,,,3087867,154428,0.0
1268,,,,3053756,188028,0.0
1269,,,,3016497,148944,0.0
1270,,,,2949737,151008,9.924000000000001
1271,,,,2879805,181164,9.971999999999996
1272,,,,2837770,181188,9.996
1273,,,,2806627,198456,10.043999999999999
1274,,,,2781577,209304,10.068000000000003
1275,,,,2753926,180876,0.0
1276,,,,2445296,157420,0.0
1277,,,,344800,164916,9.024
1278,,,,346000,240048,0.0
1279,,,,349400,295848,0.0
1280,,,,352300,332112,0.0
1281,,,,355400,350868,0.0
1282,,,,358800,442452,9.348
1283,,,,362900,473580,0.0
1284,,,,367300,524880,0.0
1285,,,,372000,531840,0.0
1286,,,,377000,583320,0.0
1287,,,,382100,677988,9.659999999999998
1288,,,,387700,674028,0.0
1289,,,,392600,603120,0.0
1290,,,,397915,609456,0.0
1291,,,,403890,660648,0.0
1292,,,,410164,622092,10.212
1293,,,,413930,616692,0.0
1294,,,,418106,677808,0.0
1295,,,,423654,837216,0.0
1296,,,,430128,967668,0.0
1297,,,,437338,1024764,10.560000000000002
1298,,,,444821,1144212,0.0
1299,,,,452012,1350972,0.0
1300,,,,460371,1455780,0.0
1301,,,,469209,1313796,0.0
1302,,,,477979,1335936,10.631999999999998
1303,,,,488918,1472748,10.656
1304,,,,501044,1357440,10.656
1305,,,,512689,1445076,10.680000000000001
1306,,,,524940,1516224,10.703999999999999
1307,,,,537748,1289472,0.0
1308,,,,346542,216972,0.0
1309,,,,247387,30288,7.235999999999998
1310,,,,255503,40872,0.0
1311,,,,263747,40812,0.0
1312,,,,272110,46404,0.0
1313,,,,280526,52476,0.0
1314,,,,288936,48312,7.656
1315,,,,305536,73380,0.0
1316,,,,313924,86832,0.0
1317,,,,331559,93672,8.196
1318,,,,341018,97620,8.279999999999998
1319,,,,307200,43668,8.556
1320,,,,315800,54528,0.0
1321,,,,317400,66204,0.0
1322,,,,320800,75540,0.0
1323,,,,324000,78468,0.0
1324,,,,327400,93360,8.748000000000001
1325,,,,330800,99756,0.0
1326,,,,334300,108480,0.0
1327,,,,337700,96264,0.0
1328,,,,341700,105300,0.0
1329,,,,344900,119688,8.891999999999998
1330,,,,348200,123048,0.0
1331,,,,350400,126900,0.0
1332,,,,353400,133236,0.0
1333,,,,355600,139284,0.0
1334,,,,362676,142476,9.191999999999998
1335,,,,370541,140292,0.0
1336,,,,374456,150288,0.0
1337,,,,377785,173328,0.0
1338,,,,380918,190992,0.0
1339,,,,384111,199776,9.623999999999997
1340,,,,386038,210048,0.0
1341,,,,387581,243996,0.0
1342,,,,390195,276084,0.0
1343,,,,393102,260340,0.0
1344,,,,394949,265584,9.888
1345,,,,396423,287808,9.864
1346,,,,399138,276888,9.959999999999999
1347,,,,402728,302292,10.043999999999999
1348,,,,406525,331608,10.068000000000003
1349,,,,410637,309000,0.0
1350,,,,883400,14676,6.900000000000001
1351,,,,898100,19632,0.0
1352,,,,911300,24876,0.0
1353,,,,925000,27804,0.0
1354,,,,932900,28188,0.0
1355,,,,941100,33840,7.427999999999998
1356,,,,938100,36540,0.0
1357,,,,948300,40800,0.0
1358,,,,958300,40860,0.0
1359,,,,972800,43896,0.0
1360,,,,981900,49380,7.764000000000002
1361,,,,995000,53328,0.0
1362,,,,1011700,49668,0.0
1363,,,,1026300,48756,0.0
1364,,,,1042400,49404,0.0
1365,,,,1056073,52068,8.088000000000003
1366,,,,1068947,50928,0.0
1367,,,,1079755,52980,0.0
1368,,,,1092234,61632,0.0
1369,,,,1103091,69468,0.0
1370,,,,1113942,67692,8.663999999999998
1371,,,,1125301,74952,0.0
1372,,,,1135233,86148,0.0
1373,,,,1146258,104592,0.0
1374,,,,1159551,94476,0.0
1375,,,,1164931,103044,9.072000000000001
1376,,,,1173352,117804,9.144000000000002
1377,,,,1180547,118608,9.264000000000001
1378,,,,1147390,126864,9.300000000000002
1379,,,,1151424,133440,9.324
1380,,,,1154848,121500,0.0
1381,,,,992432,105700,0.0
1382,,,,67566000,32760,7.608000000000001
1383,,,,69123500,22476,0.0
1384,,,,67948100,24768,0.0
1385,,,,69646000,31560,0.0
1386,,,,71359000,37500,0.0
1387,,,,73076900,43140,7.775999999999999
1388,,,,74796300,50448,0.0
1389,,,,75285800,57960,0.0
1390,,,,76826800,78216,0.0
1391,,,,78374100,80820,0.0
1392,,,,79927100,54060,8.040000000000001
1393,,,,83802294,58848,0.0
1394,,,,85340880,70368,0.0
1395,,,,86825678,72768,0.0
1396,,,,88271977,81600,0.0
1397,,,,89694793,94704,8.388
1398,,,,91052714,99732,0.0
1399,,,,92394316,100284,0.0
1400,,,,93758859,93348,0.0
1401,,,,95193068,98604,0.0
1402,,,,96730008,108852,8.663999999999998
1403,,,,98468839,118872,0.0
1404,,,,100294297,125952,0.0
1405,,,,102170587,130368,0.0
1406,,,,104044342,103812,0.0
1407,,,,105875861,119892,8.952000000000002
1408,,,,107655100,131580,8.976
1409,,,,109368765,131784,9.047999999999998
1410,,,,111036708,137736,9.06
1411,,,,112692589,139956,9.072000000000001
1412,,,,114357884,122736,0.0
1413,,,,2167589,41450,0.0
1414,,,,578668,20412,0.0
1415,,,,578668,24048,0.0
1416,,,,578668,26640,0.0
1417,,,,579688,35352,0.0
1418,,,,581623,42780,0.0
1419,,,,583232,46440,9.0
1420,,,,584885,55848,0.0
1421,,,,587244,75216,0.0
1422,,,,589953,92460,0.0
1423,,,,592234,84276,0.0
1424,,,,13618300,125136,9.588000000000001
1425,,,,13695500,173748,0.0
1426,,,,13777000,210720,0.0
1427,,,,13855700,223932,0.0
1428,,,,13929300,219720,0.0
1429,,,,14014300,269100,9.948
1430,,,,14114800,274872,0.0
1431,,,,14216900,302460,0.0
1432,,,,14313600,292620,0.0
1433,,,,14397700,311964,0.0
1434,,,,14474000,370200,10.332
1435,,,,14553700,367500,0.0
1436,,,,14639900,337872,0.0
1437,,,,14734600,352212,0.0
1438,,,,14832000,357588,0.0
1439,,,,14933235,331728,10.524000000000001
1440,,,,15038337,340392,0.0
1441,,,,15130318,369084,0.0
1442,,,,15203397,451368,0.0
1443,,,,15265861,511368,0.0
1444,,,,15320595,531468,10.691999999999998
1445,,,,15368697,567372,0.0
1446,,,,15425404,653016,0.0
1447,,,,15506963,724500,0.0
1448,,,,15602176,659856,0.0
1449,,,,15691409,639624,10.908000000000001
1450,,,,15772162,680004,11.028000000000004
1451,,,,15839503,628008,11.040000000000001
1452,,,,15899508,654120,11.040000000000001
1453,,,,15899508,663900,11.064000000000002
1454,,,,16057342,566472,0.0
1455,,,,14239554,481080,0.0
1456,,,,3025800,98952,9.659999999999998
1457,,,,3026100,121368,0.0
1458,,,,3047100,158856,0.0
1459,,,,3055200,178680,0.0
1460,,,,3063800,173004,0.0
1461,,,,3089400,176808,9.840000000000002
1462,,,,3203900,160140,0.0
1463,,,,3235600,154416,0.0
1464,,,,3273200,171252,0.0
1465,,,,3319500,199380,0.0
1466,,,,3373800,227340,10.260000000000003
1467,,,,3432500,245208,0.0
1468,,,,3470200,228492,0.0
1469,,,,3502800,192624,0.0
1470,,,,3549300,198672,0.0
1471,,,,3573690,176700,10.488000000000005
1472,,,,3599090,179616,0.0
1473,,,,3659190,218496,0.0
1474,,,,3729420,283956,0.0
1475,,,,3802510,327900,0.0
1476,,,,3849280,357636,10.739999999999997
1477,,,,3898600,343536,0.0
1478,,,,3935450,418704,0.0
1479,,,,3968450,403020,0.0
1480,,,,4009980,363108,0.0
1481,,,,4055470,433740,10.86
1482,,,,4090460,494208,10.884
1483,,,,4120870,513072,10.908000000000001
1484,,,,4129770,554376,10.931999999999997
1485,,,,5107427,20580,7.427999999999998
1486,,,,5177921,22656,7.476000000000002
1487,,,,5251443,24072,7.5
1488,,,,5326935,24744,7.5360000000000005
1489,,,,5402424,26388,7.572000000000002
1490,,,,5476483,27636,0.0
1491,,,,3911700,241404,0.0
1492,,,,3929500,287760,0.0
1493,,,,3946600,309840,0.0
1494,,,,3955800,311340,0.0
1495,,,,3961300,362880,10.188
1496,,,,3972600,368136,0.0
1497,,,,3989800,393516,0.0
1498,,,,4010500,360792,0.0
1499,,,,4033300,378240,0.0
1500,,,,4055900,449796,10.596
1501,,,,4078000,481176,0.0
1502,,,,4102100,472020,0.0
1503,,,,4129400,448008,0.0
1504,,,,4159745,468156,0.0
1505,,,,4168315,493188,11.004
1506,,,,4215103,495372,0.0
1507,,,,4243689,552588,0.0
1508,,,,4273124,642396,0.0
1509,,,,4301960,737400,0.0
1510,,,,4335092,854580,11.171999999999997
1511,,,,4372103,948084,0.0
1512,,,,4417369,1089564,0.0
1513,,,,4472089,1241172,0.0
1514,,,,4527536,1024728,0.0
1515,,,,4582885,1123656,11.279999999999996
1516,,,,4643300,1289160,11.292000000000002
1517,,,,4706585,1300896,11.304
1518,,,,4767605,1317648,11.304
1519,,,,4827178,1241316,11.328000000000003
1520,,,,4882909,950244,0.0
1521,,,,2607549,222684,0.0
1522,,,,2748440,256044,9.540000000000001
1523,,,,3631098,267936,9.516
1524,,,,1899700,41316,7.775999999999999
1525,,,,1939900,42048,0.0
1526,,,,1980800,41364,0.0
1527,,,,2064310,34308,0.0
1528,,,,2112479,33624,0.0
1529,,,,2472851,47904,0.0
1530,,,,2526210,50724,0.0
1531,,,,2579433,53856,0.0
1532,,,,2633348,55272,0.0
1533,,,,2688510,54924,8.568000000000003
1534,,,,2742982,54696,0.0
1535,,,,2800046,55692,0.0
1536,,,,2858964,57480,0.0
1537,,,,2918453,61728,0.0
1538,,,,2977595,65988,8.796
1539,,,,3037959,71664,0.0
1540,,,,3097138,82512,0.0
1541,,,,3155636,95664,0.0
1542,,,,3214513,101232,0.0
1543,,,,3274415,107892,9.132
1544,,,,3334191,124836,9.108000000000002
1545,,,,3395244,142896,9.264000000000001
1546,,,,3457387,158268,9.324
1547,,,,3520213,170172,9.360000000000001
1548,,,,3583382,181896,0.0
1549,,,,3077314,11568,6.768
1550,,,,3167535,13032,0.0
1551,,,,3261975,13896,0.0
1552,,,,3459176,15960,0.0
1553,,,,3560229,19200,6.947999999999998
1554,,,,3662812,22884,0.0
1555,,,,3972517,23772,0.0
1556,,,,4076758,26676,7.248
1557,,,,4181422,28092,0.0
1558,,,,4284973,27912,0.0
1559,,,,4388094,24684,0.0
1560,,,,4492220,22416,0.0
1561,,,,4598158,21384,7.476000000000002
1562,,,,4701314,19560,0.0
1563,,,,4809921,15780,0.0
1564,,,,4920489,16068,0.0
1565,,,,5027301,19176,0.0
1566,,,,5126457,20448,7.751999999999999
1567,,,,5223460,24456,0.0
1568,,,,5307169,31188,0.0
1569,,,,5382169,41256,0.0
1570,,,,5456220,35040,0.0
1571,,,,5534703,43428,8.016
1572,,,,5610499,53688,8.052000000000001
1573,,,,5695283,51828,8.028000000000002
1574,,,,5786207,60072,8.123999999999999
1575,,,,5877594,63048,8.148000000000001
1576,,,,55304684,11496,0.0
1577,,,,56781569,11484,0.0
1578,,,,62772694,15744,0.0
1579,,,,64252614,13488,0.0
1580,,,,65740201,15144,0.0
1581,,,,67243482,14460,7.476000000000002
1582,,,,68738092,13308,0.0
1583,,,,70256443,13896,0.0
1584,,,,71781489,14028,0.0
1585,,,,76435755,19188,0.0
1586,,,,78008654,22980,0.0
1587,,,,79595888,26256,0.0
1588,,,,81193855,24876,0.0
1589,,,,82760992,28944,7.848
1590,,,,84201767,31944,7.836000000000002
1591,,,,35164800,22512,8.556
1592,,,,35396300,28992,0.0
1593,,,,35605400,31800,0.0
1594,,,,35792600,32196,0.0
1595,,,,35960000,36972,0.0
1596,,,,36104900,47244,8.88
1597,,,,36243300,52956,0.0
1598,,,,36575200,55680,0.0
1599,,,,36233344,56928,9.431999999999997
1600,,,,36295390,62988,0.0
1601,,,,36347498,65592,0.0
1602,,,,36353775,71796,0.0
1603,,,,36371596,84168,0.0
1604,,,,36371365,101004,9.659999999999998
1605,,,,36348232,113820,0.0
1606,,,,36310843,141792,0.0
1607,,,,36262711,176652,0.0
1608,,,,36223402,145692,0.0
1609,,,,36027791,159648,9.948
1610,,,,36008237,176232,9.996
1611,,,,36013446,166728,10.055999999999997
1612,,,,36023694,174624,10.08
1613,,,,36059630,181428,10.116
1614,,,,36086575,158736,0.0
1615,,,,9313930,34944,8.112
1616,,,,9349248,49740,0.0
1617,,,,9378989,61656,0.0
1618,,,,9400481,71940,0.0
1619,,,,9415270,77232,0.0
1620,,,,9420814,100272,8.52
1621,,,,9410507,113796,0.0
1622,,,,9401557,137340,0.0
1623,,,,9410082,121176,0.0
1624,,,,9436009,126792,0.0
1625,,,,9473844,149628,9.108000000000002
1626,,,,9515960,154644,0.0
1627,,,,9564579,146844,0.0
1628,,,,9617110,154704,0.0
1629,,,,9671357,158160,0.0
1630,,,,9740085,145824,9.384
1631,,,,9809536,148692,0.0
1632,,,,9859832,163368,0.0
1633,,,,9895009,200052,0.0
1634,,,,10005713,288036,0.0
1635,,,,10030640,313452,0.0
1636,,,,10049918,291048,0.0
1637,,,,10066628,284076,9.828000000000003
1638,,,,10062815,292044,9.899999999999999
1639,,,,10029396,258876,9.924000000000001
1640,,,,9985074,271692,9.936
1641,,,,9944433,277092,9.959999999999999
1642,,,,3082500,78984,0.0
1643,,,,3143200,84024,0.0
1644,,,,3189400,90396,0.0
1645,,,,3235600,97860,0.0
1646,,,,3283800,102912,0.0
1647,,,,3204000,114624,0.0
1648,,,,3237200,119688,0.0
1649,,,,3287900,126396,0.0
1650,,,,3312472,133752,0.0
1651,,,,3343624,142452,0.0
1652,,,,3375154,151632,0.0
1653,,,,3401823,159936,0.0
1654,,,,3432757,168444,0.0
1655,,,,3464834,187320,0.0
1656,,,,3492721,198720,0.0
1657,,,,3511947,210828,0.0
1658,,,,3522212,235788,0.0
1659,,,,3523951,243900,0.0
1660,,,,3519026,255168,0.0
1661,,,,3511462,274488,0.0
1662,,,,3504599,287328,0.0
1663,,,,3499036,299316,0.0
1664,,,,3493631,307500,0.0
1665,,,,3488811,322080,0.0
1666,,,,3484474,331932,0.0
1667,,,,3480379,339204,0.0
1668,,,,3475298,346512,0.0
1669,,,,3472672,350964,0.0
1670,,,,3471665,354120,0.0
1671,,,,3470956,354180,0.0
1672,,,,3469521,356736,0.0
1673,,,,463449,210708,9.395999999999997
1674,,,,539483,390120,0.0
1675,,,,697191,546204,0.0
1676,,,,796618,670788,10.043999999999999
1677,,,,940090,777144,0.0
1678,,,,1115479,857520,0.0
1679,,,,1310465,1055532,0.0
1680,,,,1506649,778932,0.0
1681,,,,1689592,888660,10.128
1682,,,,1854081,1085880,10.091999999999999
1683,,,,2003149,1119240,10.176000000000002
1684,,,,2135349,1116792,10.188
1685,,,,2251682,1099044,10.199999999999998
1686,,,,2354147,839244,0.0
1687,,,,2213121,624840,0.0
1688,,,,36716700,32772,0.0
1689,,,,37540400,36936,0.0
1690,,,,38114900,46008,0.0
1691,,,,38700500,61068,0.0
1692,,,,39171500,74604,0.0
1693,,,,39589500,84672,0.0
1694,,,,39993700,97740,0.0
1695,,,,40371200,104052,0.0
1696,,,,40754800,113748,0.0
1697,,,,41145300,132876,0.0
1698,,,,42076400,158604,0.0
1699,,,,42507100,168852,0.0
1700,,,,42956100,155736,0.0
1701,,,,43395700,103488,0.0
1702,,,,43817300,132888,0.0
1703,,,,44271743,152232,0.0
1704,,,,44710865,143064,0.0
1705,,,,45110041,162012,0.0
1706,,,,45455888,179652,0.0
1707,,,,45779970,200496,0.0
1708,,,,46151884,233520,0.0
1709,,,,46513964,261036,0.0
1710,,,,46814207,287784,0.0
1711,,,,47101747,255336,0.0
1712,,,,47380017,228432,0.0
1713,,,,47598615,275928,0.0
1714,,,,47798017,301884,0.0
1715,,,,48020985,305568,0.0
1716,,,,48248224,324720,0.0
1717,,,,48465917,349440,0.0
1718,,,,48671752,340920,0.0
1719,,,,21344500,23676,0.0
1720,,,,21401900,21864,8.436000000000002
1721,,,,21458000,16212,0.0
1722,,,,21227100,14196,0.0
1723,,,,21307600,14844,0.0
1724,,,,21386000,16872,0.0
1725,,,,21451300,21072,8.279999999999998
1726,,,,21397300,20856,0.0
1727,,,,21369000,20124,0.0
1728,,,,21338400,23604,0.0
1729,,,,21310800,20376,0.0
1730,,,,21290400,21096,8.471999999999998
1731,,,,21272887,22968,0.0
1732,,,,20700580,26772,0.0
1733,,,,20656841,34776,0.0
1734,,,,20610767,44376,0.0
1735,,,,20569960,58164,9.011999999999997
1736,,,,20526561,72216,0.0
1737,,,,20475026,103116,0.0
1738,,,,20433803,125448,0.0
1739,,,,20390882,101580,0.0
1740,,,,20348649,98280,9.42
1741,,,,20291701,109032,9.431999999999997
1742,,,,19041594,108180,9.456000000000001
1743,,,,19003345,120960,9.492
1744,,,,18952235,126312,9.516
1745,,,,18863927,113172,0.0
1746,,,,16644905,100200,0.0
1747,,,,135443800,44880,0.0
1748,,,,136398200,45468,0.0
1749,,,,137283000,45276,0.0
1750,,,,138118900,39996,0.0
1751,,,,137692800,37920,0.0
1752,,,,138476200,34236,0.0
1753,,,,139087100,34128,0.0
1754,,,,139272600,33756,0.0
1755,,,,139283200,34884,0.0
1756,,,,139122100,23376,0.0
1757,,,,138717800,16944,0.0
1758,,,,138205695,22548,0.0
1759,,,,137521509,26748,0.0
1760,,,,136590900,30324,0.0
1761,,,,137019868,37692,0.0
1762,,,,137071699,51744,0.0
1763,,,,136162191,67332,0.0
1764,,,,135357462,87756,0.0
1765,,,,134778964,115716,0.0
1766,,,,134385949,148308,0.0
1767,,,,134085433,109416,0.0
1768,,,,134865987,135684,0.0
1769,,,,134745874,182712,0.0
1770,,,,134668522,196956,0.0
1771,,,,134713962,204624,0.0
1772,,,,134713962,183828,0.0
1773,,,,137018943,119844,0.0
1774,,,,39100,64068,0.0
1775,,,,39100,64416,0.0
1776,,,,39100,70416,0.0
1777,,,,110000,31608,0.0
1778,,,,111300,34500,0.0
1779,,,,113000,38928,0.0
1780,,,,118566,42060,0.0
1781,,,,120537,48180,0.0
1782,,,,122496,50328,0.0
1783,,,,124223,54768,0.0
1784,,,,125846,54816,0.0
1785,,,,127557,56448,0.0
1786,,,,129466,59364,0.0
1787,,,,131621,60372,0.0
1788,,,,133967,60636,0.0
1789,,,,136400,64884,0.0
1790,,,,138813,67080,0.0
1791,,,,141100,66684,8.196
1792,,,,143166,62340,0.0
1793,,,,145168,61860,0.0
1794,,,,147127,67188,0.0
1795,,,,149121,71868,0.0
1796,,,,151169,75504,8.292
1797,,,,153460,88692,0.0
1798,,,,157876,97464,0.0
1799,,,,159820,94824,0.0
1800,,,,161503,102684,8.760000000000002
1801,,,,162892,105912,8.760000000000002
1802,,,,163940,105168,8.760000000000002
1803,,,,164790,108492,8.748000000000001
1804,,,,165596,112464,8.748000000000001
1805,,,,89800,19464,0.0
1806,,,,90800,21252,0.0
1807,,,,92036,22896,0.0
1808,,,,94141,30636,0.0
1809,,,,95974,39516,0.0
1810,,,,96095,41400,0.0
1811,,,,96255,43356,0.0
1812,,,,96449,46488,0.0
1813,,,,96685,48492,0.0
1814,,,,96956,49044,8.088000000000003
1815,,,,97341,53016,0.0
1816,,,,97799,56676,0.0
1817,,,,98292,58824,0.0
1818,,,,98740,63432,0.0
1819,,,,99118,66672,8.364
1820,,,,99463,73704,0.0
1821,,,,99689,78468,0.0
1822,,,,99826,83592,0.0
1823,,,,99927,81048,0.0
1824,,,,100050,81708,8.532000000000002
1825,,,,100037,81108,8.556
1826,,,,100167,83016,8.58
1827,,,,100398,86196,8.604000000000003
1828,,,,100676,86436,8.639999999999999
1829,,,,100948,89952,0.0
1830,,,,25192,579060,0.0
1831,,,,25369,521220,0.0
1832,,,,28264,831612,0.0
1833,,,,7179002,30564,0.0
1834,,,,7162831,30840,0.0
1835,,,,7149140,10980,8.52
1836,,,,7142410,20616,0.0
1837,,,,7138113,27096,0.0
1838,,,,7111975,35748,0.0
1839,,,,7086364,42096,0.0
1840,,,,7058982,44628,8.891999999999998
1841,,,,7031811,52236,0.0
1842,,,,7009610,68976,0.0
1843,,,,6988532,84588,0.0
1844,,,,6968240,73392,0.0
1845,,,,6944871,68184,9.083999999999998
1846,,,,6900027,80808,9.132
1847,,,,6867174,71196,9.144000000000002
1848,,,,6832840,79944,9.251999999999999
1849,,,,6801810,78000,9.251999999999999
1850,,,,6766406,65904,0.0
1851,,,,57300,35364,0.0
1852,,,,57400,43452,0.0
1853,,,,58300,51312,0.0
1854,,,,75363,99084,0.0
1855,,,,76904,108840,0.0
1856,,,,78402,108012,0.0
1857,,,,79735,126312,0.0
1858,,,,80900,136332,8.831999999999999
1859,,,,81691,149304,0.0
1860,,,,82331,150648,0.0
1861,,,,82900,140004,0.0
1862,,,,83429,121884,0.0
1863,,,,83885,138756,8.916000000000002
1864,,,,80717,158448,9.024
1865,,,,81224,156528,9.132
1866,,,,82541,193080,9.204
1867,,,,83845,192216,9.264000000000001
1868,,,,85949,192060,0.0
1869,,,,2350500,97704,0.0
1870,,,,2379300,93660,0.0
1871,,,,2407800,104148,0.0
1872,,,,2393400,127032,0.0
1873,,,,2431100,150168,0.0
1874,,,,2511800,172716,8.616
1875,,,,2559300,213216,0.0
1876,,,,2604000,240348,0.0
1877,,,,2655800,274020,0.0
1878,,,,2712200,326424,0.0
1879,,,,2765300,381396,9.275999999999998
1880,,,,2823100,409776,0.0
1881,,,,2880000,417348,0.0
1882,,,,2940200,349800,0.0
1883,,,,2997100,345468,0.0
1884,,,,3047600,377352,9.828000000000003
1885,,,,3103000,345288,0.0
1886,,,,3165200,348576,0.0
1887,,,,3226200,360804,0.0
1888,,,,3281400,417588,0.0
1889,,,,3342400,457464,10.091999999999999
1890,,,,3411900,519816,0.0
1891,,,,3389600,637176,0.0
1892,,,,3448900,668820,0.0
1893,,,,3536100,652956,0.0
1894,,,,3576800,793188,10.764000000000001
1895,,,,3600900,919656,10.836000000000004
1896,,,,3631600,960480,10.86
1897,,,,3661456,997812,10.908000000000001
1898,,,,3689370,1013304,10.944000000000003
1899,,,,3719115,981192,0.0
1900,,,,4909228,37716,0.0
1901,,,,4935260,40008,0.0
1902,,,,4974858,48432,0.0
1903,,,,5005232,61692,9.0
1904,,,,5032436,66348,0.0
1905,,,,5058389,65616,0.0
1906,,,,5081100,70452,0.0
1907,,,,5098200,71592,0.0
1908,,,,5111813,68352,9.156
1909,,,,5100256,72240,0.0
1910,,,,5107584,82428,0.0
1911,,,,5113982,109656,0.0
1912,,,,5121210,134124,0.0
1913,,,,5126946,146748,9.516
1914,,,,5129369,165156,0.0
1915,,,,5132660,201780,0.0
1916,,,,5137067,234360,0.0
1917,,,,5141744,207588,0.0
1918,,,,5147562,208644,9.924000000000001
1919,,,,5116922,219072,10.032000000000002
1920,,,,5122209,230712,10.08
1921,,,,5129686,236148,10.128
1922,,,,1884000,135492,9.384
1923,,,,1893100,136152,0.0
1924,,,,1883900,132168,0.0
1925,,,,1880300,141204,0.0
1926,,,,1884400,144492,0.0
1927,,,,1886483,129396,9.888
1928,,,,1901330,131748,0.0
1929,,,,1906124,148344,0.0
1930,,,,1907589,186816,0.0
1931,,,,1907862,216804,0.0
1932,,,,1911817,228144,10.283999999999999
1933,,,,1918570,247608,0.0
1934,,,,1927332,299568,0.0
1935,,,,1943758,343188,0.0
1936,,,,1942037,310464,0.0
1937,,,,1944774,296268,10.511999999999995
1938,,,,1944561,316524,10.524000000000001
1939,,,,1945988,285840,10.536
1940,,,,1948276,296364,10.536
1941,,,,1951786,306828,10.560000000000002
1942,,,,1954632,264432,0.0
1943,,,,37773652,46896,0.0
1944,,,,38528157,47520,0.0
1945,,,,39232468,42144,0.0
1946,,,,39907560,41088,0.0
1947,,,,40568559,40332,7.583999999999999
1948,,,,41185599,35436,0.0
1949,,,,41803868,33228,0.0
1950,,,,42415309,49584,0.0
1951,,,,43005874,63876,0.0
1952,,,,43566107,70968,7.355999999999998
1953,,,,44079057,73992,0.0
1954,,,,44577435,80496,0.0
1955,,,,43680586,78876,0.0
1956,,,,45607048,78204,0.0
1957,,,,46176200,97536,7.715999999999998
1958,,,,46806739,106872,7.8119999999999985
1959,,,,47484256,100164,7.907999999999999
1960,,,,48192699,91344,7.956
1961,,,,48912129,86088,7.992000000000001
1962,,,,49627460,76836,0.0
1963,,,,35997000,60108,8.699999999999998
1964,,,,36223000,83028,0.0
1965,,,,36425700,104724,0.0
1966,,,,36597300,123000,0.0
1967,,,,36740400,135096,0.0
1968,,,,36861400,174204,9.072000000000001
1969,,,,36958100,186888,0.0
1970,,,,37000900,204060,0.0
1971,,,,37122100,169272,0.0
1972,,,,37203100,170676,0.0
1973,,,,37275300,197328,9.636
1974,,,,37341200,205992,0.0
1975,,,,37405000,188856,0.0
1976,,,,37458900,197676,0.0
1977,,,,37789271,201072,0.0
1978,,,,38319996,186456,9.924000000000001
1979,,,,38713504,194028,0.0
1980,,,,39340611,215088,0.0
1981,,,,39947556,272412,0.0
1982,,,,40555823,316464,0.0
1983,,,,41195479,337104,10.14
1984,,,,41808848,362952,0.0
1985,,,,42547327,417228,0.0
1986,,,,43199484,454176,0.0
1987,,,,43490086,413640,0.0
1988,,,,43595356,394068,10.404
1989,,,,43642571,409164,10.439999999999998
1990,,,,44318859,361752,10.488000000000005
1991,,,,44227625,369504,10.488000000000005
1992,,,,44172771,374052,10.511999999999995
1993,,,,44186528,325296,0.0
1994,,,,13857000,5172,7.163999999999998
1995,,,,14101400,5448,0.0
1996,,,,16654427,10008,0.0
1997,,,,16775409,10800,0.0
1998,,,,16897691,11220,0.0
1999,,,,17020287,11040,0.0
2000,,,,17140342,11436,8.148000000000001
2001,,,,17266961,10944,0.0
2002,,,,17395955,11412,0.0
2003,,,,17524596,12924,0.0
2004,,,,17891558,18960,0.0
2005,,,,322700,32472,0.0
2006,,,,326294,32772,0.0
2007,,,,332013,35412,0.0
2008,,,,339611,41016,0.0
2009,,,,347723,18720,0.0
2010,,,,348700,13368,0.0
2011,,,,363079,14820,0.0
2012,,,,370194,13116,0.0
2013,,,,389414,21384,0.0
2014,,,,395805,26088,0.0
2015,,,,401814,27768,0.0
2016,,,,407606,27816,0.0
2017,,,,413303,25704,0.0
2018,,,,419001,25548,0.0
2019,,,,424515,21576,0.0
2020,,,,430176,30084,0.0
2021,,,,435946,34992,0.0
2022,,,,441717,40320,0.0
2023,,,,447445,48108,8.304
2024,,,,453293,69528,0.0
2025,,,,459086,76764,0.0
2026,,,,464789,91212,0.0
2027,,,,470448,98856,0.0
2028,,,,476052,110112,8.484
2029,,,,481521,110208,8.508
2030,,,,486964,122724,8.532000000000002
2031,,,,492359,125412,8.556
2032,,,,497701,126360,8.568000000000003
2033,,,,7909000,273756,0.0
2034,,,,7930900,308772,0.0
2035,,,,7964800,323736,0.0
2036,,,,8005700,386952,9.779999999999996
2037,,,,8041100,403476,0.0
2038,,,,8073200,416652,0.0
2039,,,,8112500,310560,0.0
2040,,,,8174100,331896,0.0
2041,,,,8233000,384864,10.272
2042,,,,8274300,417828,0.0
2043,,,,8311300,381852,0.0
2044,,,,8346300,383592,0.0
2045,,,,8378013,387936,0.0
2046,,,,8409008,370752,10.764000000000001
2047,,,,8439317,341148,0.0
2048,,,,8465828,374100,0.0
2049,,,,8490539,467964,0.0
2050,,,,8514314,537972,0.0
2051,,,,8538624,546756,10.703999999999999
2052,,,,8576044,587724,0.0
2053,,,,8629159,678372,0.0
2054,,,,8688504,709860,0.0
2055,,,,8755922,588840,0.0
2056,,,,8823125,664224,10.812
2057,,,,8884644,760560,10.836000000000004
2058,,,,8948909,729312,10.848
2059,,,,9024081,769596,10.86
2060,,,,9114524,755472,10.884
2061,,,,9114524,655548,0.0
2062,,,,8125852,555940,0.0
2063,,,,6617500,621288,10.152
2064,,,,6652200,595452,0.0
2065,,,,6675200,515076,0.0
2066,,,,6725167,526464,0.0
2067,,,,6764328,514308,0.0
2068,,,,6809589,479424,10.656
2069,,,,6865842,486984,0.0
2070,,,,6942010,521028,0.0
2071,,,,6969293,607668,0.0
2072,,,,7023166,673476,0.0
2073,,,,7071991,693480,10.848
2074,,,,7118477,726432,0.0
2075,,,,7183595,801684,0.0
2076,,,,7274875,914424,0.0
2077,,,,7364558,882348,0.0
2078,,,,7439147,941688,11.088
2079,,,,7518040,1116636,11.100000000000001
2080,,,,7595591,1055412,11.123999999999997
2081,,,,7681318,1075608,11.136000000000003
2082,,,,7809621,1089708,11.159999999999998
2083,,,,7892502,1032816,0.0
2084,,,,46303443,10080,6.467999999999999
2085,,,,47331465,10932,0.0
2086,,,,48376410,12540,0.0
2087,,,,51228668,19992,6.864000000000001
2088,,,,51947693,22692,0.0
2089,,,,52570440,25440,0.0
2090,,,,52691000,33408,0.0
2091,,,,54366057,37368,7.331999999999998
2092,,,,55070703,39888,0.0
2093,,,,55859088,32268,0.0
2094,,,,56691783,24060,0.0
2095,,,,57507860,26436,0.0
2096,,,,58262135,26028,7.775999999999999
2097,,,,58263389,27660,0.0
2098,,,,60158951,30372,0.0
2099,,,,60686373,34188,0.0
2100,,,,61182665,37128,8.208
2101,,,,61636512,43176,0.0
2102,,,,58941621,53532,0.0
2103,,,,59216773,59052,0.0
2104,,,,59483718,56832,0.0
2105,,,,59769764,68484,8.592
2106,,,,60261832,73836,8.652
2107,,,,60382255,79008,8.688
2108,,,,60766487,83004,8.688
2109,,,,61139919,79944,8.712
2110,,,,61261276,78624,0.0
2111,,,,53442001,67130,0.0
2112,,,,1008000,87804,8.075999999999999
2113,,,,1061600,54192,0.0
2114,,,,1078300,53388,0.0
2115,,,,1095600,49248,0.0
2116,,,,1070000,48480,0.0
2117,,,,1088500,55872,8.075999999999999
2118,,,,1102000,57804,0.0
2119,,,,1132600,57636,0.0
2120,,,,1148300,48792,0.0
2121,,,,1162900,51048,0.0
2122,,,,1149173,55644,8.208
2123,,,,1156185,59784,0.0
2124,,,,1162267,59244,0.0
2125,,,,1167924,62100,0.0
2126,,,,1173276,69636,0.0
2127,,,,1178363,83040,8.604000000000003
2128,,,,1183354,89496,0.0
2129,,,,1188800,90936,0.0
2130,,,,1194458,113580,0.0
2131,,,,1200116,132792,0.0
2132,,,,1205471,159096,9.036
2133,,,,1209301,182280,0.0
2134,,,,1213988,213924,0.0
2135,,,,1219336,274284,0.0
2136,,,,1225097,187824,0.0
2137,,,,1231002,216000,9.264000000000001
2138,,,,1237186,246684,9.204
2139,,,,65962419,117276,0.0
2140,,,,66975131,138300,8.855999999999998
2141,,,,68034357,146844,9.011999999999997
2142,,,,68976439,152052,9.072000000000001
2143,,,,69880352,163236,9.108000000000002
2144,,,,70931420,158040,9.132
2145,,,,71880464,143532,0.0
2146,,,,2859100,9780,0.0
2147,,,,2926300,12348,0.0
2148,,,,2999000,12036,0.0
2149,,,,3079800,12432,0.0
2150,,,,3162500,12168,0.0
2151,,,,3252900,11808,0.0
2152,,,,3331100,11448,0.0
2153,,,,3423100,8976,0.0
2154,,,,3818200,7800,0.0
2155,,,,3913000,7296,0.0
2156,,,,4006400,7344,0.0
2157,,,,4099200,7632,0.0
2158,,,,3958754,7428,0.0
2159,,,,4026478,8652,0.0
2160,,,,4095981,10356,0.0
2161,,,,4143692,12924,0.0
2162,,,,4177740,17172,0.0
2163,,,,4211000,19488,0.0
2164,,,,4252530,22872,0.0
2165,,,,4287650,28764,0.0
2166,,,,4342657,34992,0.0
2167,,,,4412135,52416,0.0
2168,,,,4484467,54096,0.0
2169,,,,4551185,59544,7.992000000000001
2170,,,,4626095,75828,8.052000000000001
2171,,,,4690058,89976,8.123999999999999
2172,,,,4748055,99060,8.184000000000003
2173,,,,4811227,108552,8.255999999999998
2174,,,,4886514,87912,0.0
2175,,,,47374200,16236,0.0
2176,,,,47549900,18852,0.0
2177,,,,47761700,20784,0.0
2178,,,,47971600,20376,8.459999999999999
2179,,,,48200600,19284,0.0
2180,,,,48487300,18300,0.0
2181,,,,48680500,16188,0.0
2182,,,,48619000,12972,0.0
2183,,,,48415300,11952,7.944
2184,,,,48174500,11100,0.0
2185,,,,47923000,12552,0.0
2186,,,,47675400,10548,0.0
2187,,,,47415400,7992,0.0
2188,,,,47125400,7956,8.016
2189,,,,46805969,9744,0.0
2190,,,,46060017,11040,0.0
2191,,,,45697383,13164,0.0
2192,,,,45322826,17184,0.0
2193,,,,44939270,23004,8.556
2194,,,,44560034,29016,0.0
2195,,,,44198672,38748,0.0
2196,,,,43856123,49248,0.0
2197,,,,43557944,32292,0.0
2198,,,,43296809,37692,8.784
2199,,,,43074791,45456,8.855999999999998
2200,,,,42915935,49152,8.916000000000002
2201,,,,40464165,39588,8.964
2202,,,,40345446,27072,0.0
2203,,,,4280433,506352,9.864
2204,,,,4923879,541320,0.0
2205,,,,5695389,543420,0.0
2206,,,,6510358,581484,0.0
2207,,,,7252480,419520,0.0
2208,,,,7839736,443568,9.936
2209,,,,53006535,110772,9.036
2210,,,,53119533,135876,0.0
2211,,,,53239668,167952,0.0
2212,,,,53310780,204864,0.0
2213,,,,53425129,208188,0.0
2214,,,,53557854,244932,9.275999999999998
2215,,,,53903427,254412,0.0
2216,,,,54076358,261780,0.0
2217,,,,54283982,234636,0.0
2218,,,,54497293,251124,0.0
2219,,,,54746964,292668,10.043999999999999
2220,,,,55012207,307308,0.0
2221,,,,55266635,337092,0.0
2222,,,,55527379,354096,0.0
2223,,,,55833339,357984,0.0
2224,,,,56133909,352296,10.38
2225,,,,55571993,350148,0.0
2226,,,,55908944,379560,0.0
2227,,,,56171771,435468,0.0
2228,,,,56455011,509832,0.0
2229,,,,56809024,532464,10.680000000000001
2230,,,,57091129,565956,0.0
2231,,,,57382757,642912,0.0
2232,,,,57683372,601332,0.0
2233,,,,58013559,492888,0.0
2234,,,,58403529,501576,10.872
2235,,,,58881852,533892,10.812
2236,,,,59708630,535020,10.812
2237,,,,60091793,547128,10.823999999999998
2238,,,,60570482,598872,10.884
2239,,,,61082942,566880,0.0
2240,,,,220723000,236316,10.091999999999999
2241,,,,222953000,247056,0.0
2242,,,,225148000,259572,0.0
2243,,,,227353000,277236,0.0
2244,,,,229487000,295848,0.0
2245,,,,229952200,312048,10.308000000000002
2246,,,,232955000,318036,0.0
2247,,,,235565600,333120,0.0
2248,,,,238092300,346692,0.0
2249,,,,240614100,364500,0.0
2250,,,,243164200,378216,10.511999999999995
2251,,,,245997800,395136,0.0
2252,,,,248486400,415728,0.0
2253,,,,251332500,433968,0.0
2254,,,,253748671,456864,0.0
2255,,,,262246108,470616,10.596
2256,,,,265427546,480216,0.0
2257,,,,268759559,490140,0.0
2258,,,,271041510,509616,0.0
2259,,,,273584136,538404,0.0
2260,,,,276106680,569076,10.764000000000001
2261,,,,278980848,595992,0.0
2262,,,,280658606,619020,0.0
2263,,,,282355565,625536,0.0
2264,,,,285162662,606756,0.0
2265,,,,287839149,623868,10.908000000000001
2266,,,,290313825,641424,10.931999999999997
2267,,,,292827128,662040,10.944000000000003
2268,,,,295322862,678240,10.956000000000001
2269,,,,297749735,702372,10.979999999999997
2270,,,,300078511,724644,0.0
2271,,,,2737400,20748,8.004
2272,,,,2757600,25584,0.0
2273,,,,2778900,31812,0.0
2274,,,,2799600,35208,0.0
2275,,,,2820700,35904,0.0
2276,,,,2834000,39372,8.304
2277,,,,2896228,62160,0.0
2278,,,,2920296,71808,0.0
2279,,,,2943816,78660,8.532000000000002
2280,,,,2967278,82968,0.0
2281,,,,2991662,96144,0.0
2282,,,,3014887,101040,0.0
2283,,,,3034833,94836,0.0
2284,,,,3050169,89796,8.904
2285,,,,3061024,81924,0.0
2286,,,,3065257,53268,0.0
2287,,,,3065772,47148,0.0
2288,,,,3066489,53556,0.0
2289,,,,3070178,67860,9.072000000000001
2290,,,,3077445,76344,0.0
2291,,,,3087957,90972,0.0
2292,,,,3100791,117516,0.0
2293,,,,3114306,121992,0.0
2294,,,,3127306,154584,9.360000000000001
2295,,,,3151939,195168,9.456000000000001
2296,,,,3164670,218148,9.48
2297,,,,3177645,216144,9.516
2298,,,,3190795,200352,0.0
2299,,,,17165700,9336,0.0
2300,,,,17347800,9456,0.0
2301,,,,18257000,8508,0.0
2302,,,,18509300,8496,0.0
2303,,,,19144700,8088,0.0
2304,,,,19599000,8172,0.0
2305,,,,19854500,8436,0.0
2306,,,,20364300,8688,0.0
2307,,,,20861200,8628,0.0
2308,,,,21329916,9612,0.0
2309,,,,21789067,7584,7.128000000000001
2310,,,,22231527,6156,0.0
2311,,,,22632256,5136,0.0
2312,,,,22982883,5292,0.0
2313,,,,23300841,6192,0.0
2314,,,,23600347,7272,7.5
2315,,,,25288102,15984,0.0
2316,,,,25651783,18396,7.860000000000002
2317,,,,25978049,21204,7.931999999999998
2318,,,,26381830,23568,8.016
2319,,,,26838924,25800,8.063999999999998
2320,,,,27313507,27708,8.1
