country,year,female,male
Albania,1987,11.350000000000001,20.500000000000004
Albania,1988,13.549999999999999,18.91
Albania,1989,5.52,27.88
Albania,1992,5.12,12.88
Albania,1993,9.759999999999998,22.8
Albania,1994,9.81,22.37
Albania,1995,16.06,24.49
Albania,1996,17.460000000000004,26.160000000000004
Albania,1997,21.28,56.150000000000006
Albania,1998,20.34,46.17999999999999
Albania,1999,25.32,44.49
Albania,2000,10.290000000000001,20.41
Albania,2001,16.400000000000002,34.22
Albania,2002,16.729999999999997,45.78000000000001
Albania,2003,29.2,29.4
Albania,2004,24.54,40.85
Albania,2005,0.0,0.0
Albania,2006,0.0,0.0
Albania,2007,21.86,43.989999999999995
Albania,2008,28.91,42.14
Albania,2009,0.0,0.0
Albania,2010,15.48,26.18
Antigua and Barbuda,1985,0.0,0.0
Antigua and Barbuda,1986,0.0,0.0
Antigua and Barbuda,1987,0.0,0.0
Antigua and Barbuda,1988,0.0,0.0
Antigua and Barbuda,1989,0.0,0.0
Antigua and Barbuda,1990,0.0,17.24
Antigua and Barbuda,1991,0.0,0.0
Antigua and Barbuda,1992,0.0,0.0
Antigua and Barbuda,1993,0.0,15.0
Antigua and Barbuda,1994,0.0,0.0
Antigua and Barbuda,1995,0.0,0.0
Antigua and Barbuda,1998,0.0,0.0
Antigua and Barbuda,1999,0.0,0.0
Antigua and Barbuda,2000,0.0,39.97
Antigua and Barbuda,2001,0.0,19.45
Antigua and Barbuda,2002,0.0,0.0
Antigua and Barbuda,2003,0.0,27.82
Antigua and Barbuda,2004,0.0,36.06
Antigua and Barbuda,2005,0.0,0.0
Antigua and Barbuda,2006,0.0,0.0
Antigua and Barbuda,2007,0.0,7.98
Antigua and Barbuda,2008,0.0,0.0
Antigua and Barbuda,2009,0.0,0.0
Antigua and Barbuda,2012,0.0,0.0
Antigua and Barbuda,2013,0.0,0.0
Antigua and Barbuda,2014,0.0,0.0
Antigua and Barbuda,2015,15.62,0.0
Argentina,1985,27.25,107.22
Argentina,1986,32.010000000000005,120.89
Argentina,1987,34.42,110.55999999999999
Argentina,1988,32.63,113.61000000000001
Argentina,1989,30.580000000000005,108.35
Argentina,1990,29.02,105.88
Argentina,1991,23.810000000000002,95.43
Argentina,1992,22.93,103.93
Argentina,1993,23.249999999999996,111.52
Argentina,1994,20.72,101.32999999999998
Argentina,1995,21.699999999999996,98.27000000000001
Argentina,1996,22.8,95.23
Argentina,1997,21.259999999999998,90.13999999999999
Argentina,1998,20.970000000000002,95.96
Argentina,1999,18.869999999999997,98.32000000000001
Argentina,2000,20.07,111.32000000000001
Argentina,2001,24.46,119.09999999999998
Argentina,2002,25.320000000000004,114.1
Argentina,2003,24.74,121.54999999999998
Argentina,2004,22.5,108.56
Argentina,2005,23.240000000000002,104.94
Argentina,2006,19.640000000000004,108.58
Argentina,2007,19.07,99.28000000000002
Argentina,2008,19.209999999999997,98.89999999999999
Argentina,2009,17.810000000000002,89.51
Argentina,2010,17.4,93.84
Argentina,2011,17.54,88.33
Argentina,2012,18.77,101.05
Argentina,2013,17.32,86.10000000000001
Argentina,2014,19.479999999999997,91.87
Argentina,2015,17.259999999999998,94.87
Armenia,1990,11.32,29.800000000000004
Armenia,1991,11.66,34.21
Armenia,1992,9.35,31.51
Armenia,1993,20.599999999999998,30.45
Armenia,1994,19.48,47.25000000000001
Armenia,1995,13.879999999999999,37.91
Armenia,1996,7.050000000000001,30.0
Armenia,1997,9.419999999999998,22.810000000000002
Armenia,1998,6.26,21.16
Armenia,1999,9.76,14.92
Armenia,2000,10.5,23.8
Armenia,2001,8.3,21.48
Armenia,2002,4.97,33.10000000000001
Armenia,2003,6.6,26.830000000000002
Armenia,2006,7.930000000000001,35.74
Armenia,2007,7.42,31.599999999999998
Armenia,2008,5.62,29.53
Armenia,2009,4.38,29.320000000000004
Armenia,2010,8.74,31.67
Armenia,2011,10.34,22.64
Armenia,2012,8.7,27.87
Armenia,2013,12.06,25.419999999999998
Armenia,2014,9.440000000000001,27.57
Armenia,2015,9.76,35.519999999999996
Armenia,2016,5.869999999999999,34.690000000000005
Aruba,1995,0.0,308.51
Aruba,1999,0.0,115.47000000000001
Aruba,2000,146.22,159.11
Aruba,2001,0.0,27.28
Aruba,2002,0.0,126.46000000000002
Aruba,2003,0.0,12.93
Aruba,2004,15.04,161.67999999999998
Aruba,2005,52.22,47.36
Aruba,2006,10.93,85.38
Aruba,2007,11.17,81.02000000000001
Aruba,2008,5.5,35.940000000000005
Aruba,2009,0.0,42.230000000000004
Aruba,2010,9.82,48.83
Aruba,2011,25.450000000000003,67.97
Australia,1985,36.300000000000004,127.11
Australia,1986,35.379999999999995,140.41
Australia,1987,35.629999999999995,153.19
Australia,1988,36.50000000000001,142.82
Australia,1989,32.489999999999995,135.62
Australia,1990,34.02,138.32999999999998
Australia,1991,35.690000000000005,144.46
Australia,1992,35.349999999999994,135.29000000000002
Australia,1993,28.2,126.75
Australia,1994,29.09,138.66
Australia,1995,30.54,124.64999999999999
Australia,1996,29.97,145.36999999999998
Australia,1997,36.519999999999996,150.41000000000003
Australia,1998,34.2,142.20999999999998
Australia,1999,29.6,137.54999999999998
Australia,2000,31.34,126.48
Australia,2001,31.529999999999998,127.26
Australia,2002,30.1,114.58000000000003
Australia,2003,26.980000000000004,106.86
Australia,2004,26.429999999999996,107.32999999999998
Australia,2006,28.67,99.22
Australia,2007,28.73,101.52
Australia,2008,26.2,104.28999999999999
Australia,2009,29.52,100.6
Australia,2010,29.07,103.56999999999998
Australia,2011,30.640000000000004,102.57999999999998
Australia,2012,34.00999999999999,105.56
Australia,2013,33.080000000000005,105.7
Australia,2014,34.88,114.19000000000001
Australia,2015,35.940000000000005,118.24000000000001
Austria,1985,96.99,287.82
Austria,1986,98.65,303.15
Austria,1987,99.23000000000002,306.65000000000003
Austria,1988,83.41,274.23
Austria,1989,94.36999999999999,264.95
Austria,1990,87.31,266.47
Austria,1991,73.35999999999999,282.11
Austria,1992,74.03999999999999,267.7
Austria,1993,71.72999999999999,276.22999999999996
Austria,1994,76.36,267.26
Austria,1995,71.34,276.75
Austria,1996,70.1,272.54999999999995
Austria,1997,62.629999999999995,234.87000000000003
Austria,1998,57.73,231.65
Austria,1999,65.94,214.35999999999999
Austria,2000,63.93999999999999,225.83
Austria,2001,60.0,201.91
Austria,2002,51.88,225.04000000000002
Austria,2003,55.62,201.44
Austria,2004,49.09,204.95
Austria,2005,49.839999999999996,185.41
Austria,2006,43.120000000000005,175.77999999999997
Austria,2007,45.480000000000004,171.83
Austria,2008,41.980000000000004,174.47
Austria,2009,41.69,171.53
Austria,2010,39.71,167.84000000000003
Austria,2011,41.919999999999995,169.57
Austria,2012,39.839999999999996,166.79
Austria,2013,43.49,168.63
Austria,2014,44.11999999999999,165.7
Austria,2015,39.14,155.48000000000002
Austria,2016,37.6,145.63
Azerbaijan,1990,6.14,18.469999999999995
Azerbaijan,1991,6.1499999999999995,26.080000000000002
Azerbaijan,1992,10.989999999999998,23.790000000000003
Azerbaijan,1993,9.35,22.169999999999998
Azerbaijan,1994,4.050000000000001,7.99
Azerbaijan,1995,1.9,12.38
Azerbaijan,1996,4.7700000000000005,13.059999999999999
Azerbaijan,1997,3.2399999999999998,15.350000000000001
Azerbaijan,1998,4.08,6.59
Azerbaijan,1999,1.48,7.1000000000000005
Azerbaijan,2000,4.48,9.930000000000001
Azerbaijan,2001,18.66,41.39
Azerbaijan,2002,3.82,15.599999999999998
Azerbaijan,2003,8.6,18.47
Azerbaijan,2004,8.32,10.01
Azerbaijan,2007,2.3200000000000003,9.510000000000002
Bahamas,1985,0.0,4.76
Bahamas,1987,0.0,13.59
Bahamas,1993,8.4,29.11
Bahamas,1994,0.0,10.6
Bahamas,1995,0.0,7.16
Bahamas,1996,0.0,9.82
Bahamas,1997,0.0,7.15
Bahamas,1998,0.0,11.09
Bahamas,1999,3.94,19.02
Bahamas,2000,10.35,30.310000000000002
Bahamas,2001,0.0,2.68
Bahamas,2002,0.0,9.969999999999999
Bahamas,2003,0.0,2.49
Bahamas,2004,0.0,5.93
Bahamas,2005,3.72,9.6
Bahamas,2006,0.0,5.640000000000001
Bahamas,2007,2.04,11.38
Bahamas,2008,0.0,12.490000000000002
Bahamas,2009,1.93,14.05
Bahamas,2010,12.149999999999999,46.17
Bahamas,2011,3.43,9.559999999999999
Bahamas,2012,1.84,10.0
Bahamas,2013,1.83,12.08
Bahrain,1985,3.72,16.4
Bahrain,1987,6.23,19.450000000000003
Bahrain,1988,3.24,21.56
Bahrain,1997,0.0,0.0
Bahrain,1998,0.0,0.0
Bahrain,1999,5.57,16.89
Bahrain,2000,1.88,30.849999999999998
Bahrain,2001,5.09,25.569999999999997
Bahrain,2002,10.75,16.93
Bahrain,2003,7.89,24.5
Bahrain,2004,9.74,44.47
Bahrain,2005,9.33,30.889999999999997
Bahrain,2006,13.56,13.62
Bahrain,2007,6.61,25.48
Bahrain,2008,8.67,19.22
Bahrain,2009,5.699999999999999,18.89
Bahrain,2010,3.79,8.1
Bahrain,2011,6.2700000000000005,8.690000000000001
Bahrain,2012,0.9,7.78
Bahrain,2013,0.0,2.49
Bahrain,2014,0.9,5.62
Barbados,1985,9.09,52.629999999999995
Barbados,1986,4.55,32.18
Barbados,1987,8.2,21.26
Barbados,1988,5.15,52.24
Barbados,1989,17.03,56.55
Barbados,1990,12.690000000000001,108.53999999999999
Barbados,1991,19.35,57.58
Barbados,1992,12.620000000000001,50.910000000000004
Barbados,1993,5.29,85.64
Barbados,1994,18.270000000000003,48.81
Barbados,1995,20.729999999999997,51.559999999999995
Barbados,2000,4.96,32.17
Barbados,2001,0.0,8.65
Barbados,2002,0.0,0.0
Barbados,2003,0.0,0.0
Barbados,2004,0.0,7.79
Barbados,2005,0.0,2.58
Barbados,2006,0.0,45.38
Barbados,2007,0.0,0.0
Barbados,2008,2.31,0.0
Barbados,2009,0.0,28.799999999999997
Barbados,2010,0.0,7.62
Barbados,2011,0.0,0.0
Barbados,2012,0.0,0.0
Barbados,2013,0.0,0.0
Belarus,1990,52.67,221.70000000000002
Belarus,1991,56.48,241.16
Belarus,1992,58.35,255.89000000000001
Belarus,1993,62.57,302.54
Belarus,1994,67.41,336.17
Belarus,1995,57.12,346.89
Belarus,1996,62.75000000000001,392.96
Belarus,1997,65.35000000000001,381.15
Belarus,1998,66.32,389.32
Belarus,1999,63.92,386.43999999999994
Belarus,2000,60.29,387.01000000000005
Belarus,2001,59.279999999999994,360.37000000000006
Belarus,2002,59.79,351.21
Belarus,2003,63.71,381.15000000000003
Belarus,2007,52.589999999999996,303.3
Belarus,2008,52.17,299.99
Belarus,2009,58.39,317.15
Belarus,2010,46.169999999999995,285.81
Belarus,2011,45.129999999999995,254.23
Belarus,2013,40.040000000000006,233.28
Belarus,2014,33.17,219.73999999999998
Belgium,1985,91.62,240.42000000000002
Belgium,1986,82.34,232.35
Belgium,1987,84.65,243.11
Belgium,1988,77.03,206.76999999999998
Belgium,1989,68.67,216.17999999999998
Belgium,1990,70.5,206.60999999999999
Belgium,1991,60.67,203.35
Belgium,1992,67.08,198.8
Belgium,1993,69.57000000000001,230.90000000000003
Belgium,1994,67.01,233.39
Belgium,1995,68.94000000000001,216.96000000000004
Belgium,1996,61.620000000000005,205.92
Belgium,1997,64.6,220.14
Belgium,1998,61.739999999999995,203.0
Belgium,1999,53.43,177.27
Belgium,2000,65.69,202.11
Belgium,2001,62.64000000000001,198.58000000000004
Belgium,2002,59.14,188.72
Belgium,2003,57.89000000000001,190.84
Belgium,2004,54.86,176.20000000000002
Belgium,2005,55.17,176.58
Belgium,2006,53.709999999999994,161.19
Belgium,2007,52.83,155.73999999999998
Belgium,2008,54.46,167.08
Belgium,2009,53.65,164.70000000000002
Belgium,2010,53.89,166.29
Belgium,2011,57.65,169.06
Belgium,2012,50.84,166.29
Belgium,2013,50.66,150.89000000000001
Belgium,2014,52.84,149.01000000000002
Belgium,2015,52.21,144.45000000000002
Belize,1986,5.62,13.75
Belize,1987,0.0,31.41
Belize,1989,0.0,5.16
Belize,1990,4.98,24.72
Belize,1991,0.0,23.93
Belize,1993,0.0,6.49
Belize,1994,52.3,112.43
Belize,1995,4.29,139.67999999999998
Belize,1996,0.0,61.290000000000006
Belize,1997,0.0,5.77
Belize,1998,5.63,76.14999999999999
Belize,1999,0.0,83.71999999999998
Belize,2000,18.3,142.50000000000003
Belize,2001,8.83,142.87
Belize,2002,19.939999999999998,49.68000000000001
Belize,2003,16.43,42.57000000000001
Belize,2004,13.14,104.24
Belize,2005,3.51,42.59
Belize,2006,6.15,31.77
Belize,2007,6.8100000000000005,71.68
Belize,2008,4.14,82.22000000000001
Belize,2009,13.45,44.309999999999995
Belize,2010,6.09,55.38999999999999
Belize,2011,14.78,138.52
Belize,2012,5.77,67.67999999999999
Belize,2013,2.81,53.59
Belize,2014,16.779999999999998,74.17
Belize,2015,15.13,120.33000000000001
Bosnia and Herzegovina,2011,0.0,1.31
Bosnia and Herzegovina,2014,22.02,87.48
Brazil,1985,13.08,46.1
Brazil,1986,13.36,43.800000000000004
Brazil,1987,13.32,56.8
Brazil,1988,14.75,50.61
Brazil,1989,13.010000000000003,51.00999999999999
Brazil,1990,13.429999999999998,53.629999999999995
Brazil,1991,13.12,55.22
Brazil,1992,11.97,52.949999999999996
Brazil,1993,11.65,56.21
Brazil,1994,12.39,59.12
Brazil,1995,13.18,62.059999999999995
Brazil,1996,13.33,60.00000000000001
Brazil,1997,12.51,64.29
Brazil,1998,12.999999999999998,62.05
Brazil,1999,10.14,57.510000000000005
Brazil,2000,11.43,56.79999999999999
Brazil,2001,11.730000000000002,61.760000000000005
Brazil,2002,13.24,56.53000000000001
Brazil,2003,11.87,56.2
Brazil,2004,12.18,58.040000000000006
Brazil,2005,12.55,61.05
Brazil,2006,11.959999999999999,57.94
Brazil,2007,12.250000000000002,59.43
Brazil,2008,12.329999999999998,59.88
Brazil,2009,11.930000000000001,58.44
Brazil,2010,13.379999999999999,59.35
Brazil,2011,13.02,59.38999999999999
Brazil,2012,13.870000000000001,60.58
Brazil,2013,13.56,59.85
Brazil,2014,13.239999999999998,59.89000000000001
Brazil,2015,14.06,63.39000000000001
Bulgaria,1985,78.77,224.35
Bulgaria,1986,80.14999999999999,195.33
Bulgaria,1987,79.21000000000001,229.18999999999997
Bulgaria,1988,79.33000000000001,213.16
Bulgaria,1989,74.8,217.38999999999996
Bulgaria,1990,71.84999999999998,184.57999999999998
Bulgaria,1991,62.57000000000001,206.36999999999998
Bulgaria,1992,78.43999999999998,232.16
Bulgaria,1993,82.8,195.56000000000003
Bulgaria,1994,74.64,213.75
Bulgaria,1995,72.46,205.39
Bulgaria,1996,74.39,221.80999999999995
Bulgaria,1997,78.43999999999998,197.92
Bulgaria,1998,86.36,218.24999999999997
Bulgaria,1999,57.830000000000005,192.88
Bulgaria,2000,66.9,192.32
Bulgaria,2001,63.88,180.74
Bulgaria,2002,58.71,188.64
Bulgaria,2003,49.10999999999999,158.54
Bulgaria,2004,41.18,142.93999999999997
Bulgaria,2005,43.65,134.41
Bulgaria,2006,38.559999999999995,147.97
Bulgaria,2007,40.09999999999999,133.67000000000002
Bulgaria,2008,39.56,130.78
Bulgaria,2009,33.730000000000004,120.69000000000001
Bulgaria,2010,33.14,125.11
Bulgaria,2011,25.98,107.53999999999998
Bulgaria,2012,33.379999999999995,130.79000000000002
Bulgaria,2013,24.93,109.23
Bulgaria,2014,30.31,109.45999999999998
Cabo Verde,2011,15.92,117.91999999999999
Canada,1985,32.47,133.99
Canada,1986,37.61,152.5
Canada,1987,37.18,142.15
Canada,1988,34.83,140.54999999999998
Canada,1989,34.75000000000001,136.23
Canada,1990,29.98,135.04
Canada,1991,29.830000000000002,137.95000000000002
Canada,1992,31.53,132.07000000000002
Canada,1993,32.36,131.66
Canada,1994,30.180000000000003,131.73000000000002
Canada,1995,30.430000000000003,133.09
Canada,1996,30.29,132.6
Canada,1997,28.6,122.83000000000001
Canada,1998,29.51,120.61
Canada,1999,30.29,128.15
Canada,2000,28.1,110.9
Canada,2001,28.729999999999997,108.7
Canada,2002,27.53,110.2
Canada,2003,28.91,108.35999999999999
Canada,2004,29.15,102.50999999999999
Canada,2005,30.230000000000004,103.61000000000001
Canada,2006,27.32,99.11
Canada,2007,29.14,98.30999999999999
Canada,2008,29.24,98.35
Canada,2009,28.759999999999998,101.90999999999998
Canada,2010,30.79,101.88
Canada,2011,30.33,94.69000000000001
Canada,2012,29.710000000000004,98.16999999999999
Canada,2013,31.91,101.18
Chile,1985,12.9,96.01000000000002
Chile,1986,13.029999999999998,77.91
Chile,1987,11.81,77.61
Chile,1988,12.190000000000001,82.71000000000001
Chile,1989,10.14,90.3
Chile,1990,11.180000000000001,80.68
Chile,1991,13.53,85.30000000000001
Chile,1992,8.04,70.84
Chile,1993,9.56,93.62000000000002
Chile,1994,9.240000000000002,86.1
Chile,1995,12.010000000000002,96.89999999999999
Chile,1996,10.95,84.75999999999999
Chile,1997,11.659999999999998,88.46999999999998
Chile,1998,12.67,97.1
Chile,1999,12.170000000000002,99.68999999999998
Chile,2000,16.87,132.31
Chile,2001,17.98,129.6
Chile,2002,20.32,128.95999999999998
Chile,2003,20.49,133.04999999999998
Chile,2004,20.550000000000004,135.14
Chile,2005,19.98,127.44999999999999
Chile,2006,20.72,134.34
Chile,2007,24.930000000000003,125.99000000000001
Chile,2008,29.349999999999998,138.53
Chile,2009,29.439999999999998,144.85999999999999
Chile,2010,25.759999999999998,137.12
Chile,2011,24.91,135.93
Chile,2012,21.669999999999998,126.74000000000001
Chile,2013,21.29,113.23000000000002
Chile,2014,19.96,117.41
Chile,2015,25.77,121.91
Colombia,1985,10.059999999999999,52.50000000000001
Colombia,1986,8.29,41.82
Colombia,1987,7.320000000000001,37.849999999999994
Colombia,1988,7.630000000000001,43.010000000000005
Colombia,1989,7.05,34.64
Colombia,1990,7.7,35.73
Colombia,1991,7.72,35.85
Colombia,1992,7.84,41.64
Colombia,1993,7.21,42.02
Colombia,1994,9.399999999999999,46.55
Colombia,1995,8.13,41.51
Colombia,1996,8.379999999999999,44.79
Colombia,1997,8.9,43.87
Colombia,1998,14.42,67.25999999999999
Colombia,1999,13.92,70.17999999999999
Colombia,2000,15.729999999999999,74.05000000000001
Colombia,2001,15.78,72.49
Colombia,2002,15.54,65.83999999999999
Colombia,2003,16.16,63.69
Colombia,2004,14.530000000000001,69.72
Colombia,2005,12.67,62.17
Colombia,2006,12.299999999999999,66.11
Colombia,2007,11.56,62.69
Colombia,2008,11.71,62.51
Colombia,2009,11.440000000000001,62.39
Colombia,2010,10.12,57.12
Colombia,2011,9.54,53.339999999999996
Colombia,2012,9.979999999999999,56.47
Colombia,2013,10.05,53.48
Colombia,2014,9.299999999999999,57.32
Colombia,2015,12.400000000000002,58.0
Costa Rica,1985,7.08,62.379999999999995
Costa Rica,1986,5.640000000000001,84.19999999999999
Costa Rica,1987,8.66,76.9
Costa Rica,1988,6.4399999999999995,82.54
Costa Rica,1989,11.959999999999997,72.80999999999997
Costa Rica,1990,11.299999999999999,81.97000000000001
Costa Rica,1991,6.71,55.010000000000005
Costa Rica,1992,9.020000000000001,63.519999999999996
Costa Rica,1993,10.419999999999998,88.41000000000001
Costa Rica,1994,10.86,69.92999999999999
Costa Rica,1995,12.45,66.72999999999999
Costa Rica,1996,8.02,86.84
Costa Rica,1997,10.69,69.94
Costa Rica,1998,9.049999999999999,83.03999999999999
Costa Rica,1999,6.97,78.09
Costa Rica,2000,10.6,77.68999999999998
Costa Rica,2001,9.35,66.67999999999999
Costa Rica,2002,10.91,84.71000000000001
Costa Rica,2003,14.280000000000001,101.6
Costa Rica,2004,13.709999999999999,87.01
Costa Rica,2005,10.07,68.66
Costa Rica,2006,17.03,83.8
Costa Rica,2007,11.29,64.06
Costa Rica,2008,11.059999999999999,61.209999999999994
Costa Rica,2009,10.38,66.99
Costa Rica,2010,10.200000000000001,74.15
Costa Rica,2011,13.940000000000001,75.89
Costa Rica,2012,9.7,71.05999999999999
Costa Rica,2013,9.93,79.33
Costa Rica,2014,12.39,58.46
Croatia,1995,66.19,239.35
Croatia,1996,74.22,260.57
Croatia,1997,79.02999999999999,234.67
Croatia,1998,78.27,266.03000000000003
Croatia,1999,73.82999999999998,253.45000000000002
Croatia,2000,71.89,250.85999999999999
Croatia,2001,62.14,225.39999999999998
Croatia,2002,67.74,236.38
Croatia,2003,51.6,230.08999999999997
Croatia,2004,60.349999999999994,241.89000000000001
Croatia,2005,59.82,209.74999999999997
Croatia,2006,57.809999999999995,190.41
Croatia,2007,53.169999999999995,190.28
Croatia,2008,49.53,216.16
Croatia,2009,47.059999999999995,207.23
Croatia,2010,50.27,191.70000000000002
Croatia,2011,46.56999999999999,174.54
Croatia,2012,47.459999999999994,191.55
Croatia,2013,37.39,172.91
Croatia,2014,48.260000000000005,173.78
Croatia,2015,51.63,178.04999999999998
Croatia,2016,41.870000000000005,171.69
Cuba,1992,128.84,240.87
Cuba,1993,134.3,258.63
Cuba,1994,110.11000000000001,253.2
Cuba,1995,106.6,246.15999999999997
Cuba,1996,88.04,228.19
Cuba,1997,82.45,234.95000000000002
Cuba,1998,86.88,240.10000000000002
Cuba,1999,75.96,230.16
Cuba,2000,67.87,204.9
Cuba,2001,56.19,188.32000000000002
Cuba,2002,60.07000000000001,180.35000000000002
Cuba,2003,47.1,174.02
Cuba,2004,44.760000000000005,171.35999999999999
Cuba,2005,44.93,161.00999999999996
Cuba,2006,34.11,168.43999999999997
Cuba,2007,34.98,153.20000000000002
Cuba,2008,36.31,154.67999999999998
Cuba,2009,38.47999999999999,162.84999999999997
Cuba,2010,37.269999999999996,164.86
Cuba,2011,36.879999999999995,170.17000000000002
Cuba,2012,35.489999999999995,168.51
Cuba,2013,34.68,155.77999999999997
Cuba,2014,34.22,150.40999999999997
Cuba,2015,34.07,160.24
Cyprus,1999,0.0,1.57
Cyprus,2000,0.0,8.36
Cyprus,2004,2.81,6.359999999999999
Cyprus,2005,7.140000000000001,17.6
Cyprus,2006,8.87,18.77
Cyprus,2007,5.68,30.490000000000006
Cyprus,2008,11.95,47.120000000000005
Cyprus,2009,10.35,45.18
Cyprus,2010,9.27,49.61
Cyprus,2011,7.550000000000001,36.23
Cyprus,2012,2.13,40.769999999999996
Cyprus,2013,4.34,60.27000000000001
Cyprus,2014,17.16,39.94
Cyprus,2015,10.48,39.11
Cyprus,2016,5.06,42.089999999999996
Czech Republic,1990,77.58,236.64
Czech Republic,1991,68.2,223.81000000000003
Czech Republic,1992,68.48,234.73000000000002
Czech Republic,1993,70.95000000000002,226.69
Czech Republic,1994,71.88999999999999,221.39
Czech Republic,1995,62.52,201.88
Czech Republic,1996,49.309999999999995,194.17
Czech Republic,1997,44.26999999999999,189.86
Czech Republic,1998,43.81,182.89000000000001
Czech Republic,1999,41.949999999999996,194.98000000000002
Czech Republic,2000,42.60000000000001,184.04000000000002
Czech Republic,2001,38.690000000000005,182.23000000000002
Czech Republic,2002,39.81,172.33999999999997
Czech Republic,2003,43.28,191.60000000000002
Czech Republic,2004,35.82,167.20000000000002
Czech Republic,2005,33.34,160.06
Czech Republic,2006,28.040000000000003,150.36
Czech Republic,2007,27.07,143.71000000000004
Czech Republic,2008,27.44,147.57
Czech Republic,2009,25.89,153.81999999999996
Czech Republic,2010,27.759999999999998,147.86
Czech Republic,2011,28.009999999999998,158.23
Czech Republic,2012,29.05,167.18
Czech Republic,2013,29.13,156.94
Czech Republic,2014,31.65,143.64
Czech Republic,2015,28.339999999999996,142.52999999999997
Czech Republic,2016,26.72,135.04
Denmark,1994,75.42,177.8
Denmark,1995,69.02,170.11
Denmark,1996,57.13000000000001,172.42999999999998
Denmark,1997,58.919999999999995,159.54000000000002
Denmark,1998,47.879999999999995,140.8
Denmark,1999,42.00000000000001,141.09000000000003
Denmark,2000,44.6,136.47
Denmark,2001,49.629999999999995,136.54000000000002
Denmark,2002,42.13999999999999,134.37
Denmark,2003,34.160000000000004,122.54
Denmark,2004,40.00000000000001,121.78
Denmark,2005,39.2,125.02999999999999
Denmark,2006,37.47,124.61
Denmark,2007,38.6,101.35999999999999
Denmark,2008,37.34,105.71000000000001
Denmark,2009,32.88999999999999,111.81
Denmark,2010,31.200000000000003,98.82
Denmark,2011,31.470000000000002,94.86
Denmark,2012,31.979999999999997,111.22999999999999
Denmark,2013,33.800000000000004,100.75
Denmark,2014,34.02,103.71000000000001
Denmark,2015,36.32,85.1
Dominica,1985,0.0,0.0
Ecuador,1985,19.51,63.01
Ecuador,1986,24.87,51.67
Ecuador,1987,16.939999999999998,45.589999999999996
Ecuador,1988,19.509999999999998,55.779999999999994
Ecuador,1989,21.990000000000002,48.39000000000001
Ecuador,1990,18.95,41.529999999999994
Ecuador,1991,21.589999999999996,45.370000000000005
Ecuador,1992,20.71,55.09
Ecuador,1993,24.59,46.32000000000001
Ecuador,1994,17.660000000000004,50.010000000000005
Ecuador,1995,18.72,49.5
Ecuador,1996,20.81,55.53
Ecuador,1997,18.16,48.86
Ecuador,1998,17.630000000000003,44.44
Ecuador,1999,18.22,53.71
Ecuador,2000,15.61,41.56
Ecuador,2001,17.62,49.620000000000005
Ecuador,2002,15.81,45.61
Ecuador,2003,21.439999999999998,49.120000000000005
Ecuador,2004,22.130000000000003,62.260000000000005
Ecuador,2005,22.200000000000003,74.53
Ecuador,2006,25.990000000000002,67.08
Ecuador,2007,22.959999999999997,73.01
Ecuador,2008,20.819999999999997,74.47
Ecuador,2009,23.05,71.2
Ecuador,2010,22.1,59.39
Ecuador,2011,20.979999999999997,60.81999999999999
Ecuador,2012,20.810000000000002,64.07
Ecuador,2013,14.49,48.39
Ecuador,2014,12.559999999999997,53.46
Ecuador,2015,20.63,76.76
El Salvador,1990,44.910000000000004,139.55
El Salvador,1991,33.45,137.85
El Salvador,1992,33.910000000000004,86.71
El Salvador,1993,38.239999999999995,85.44999999999999
El Salvador,1995,41.18000000000001,118.01
El Salvador,1996,32.339999999999996,112.82000000000002
El Salvador,1997,40.8,99.20000000000002
El Salvador,1998,31.69,91.13999999999999
El Salvador,1999,32.879999999999995,95.08
El Salvador,2000,32.16,78.39
El Salvador,2001,32.1,97.61
El Salvador,2002,24.389999999999997,88.8
El Salvador,2003,26.59,102.33
El Salvador,2004,21.959999999999997,89.6
El Salvador,2005,25.539999999999996,90.19000000000001
El Salvador,2006,22.149999999999995,77.42000000000002
El Salvador,2007,22.189999999999998,104.95
El Salvador,2008,20.779999999999998,105.03999999999999
El Salvador,2009,21.82,102.3
El Salvador,2010,17.73,80.19000000000001
El Salvador,2011,22.23,93.22999999999999
El Salvador,2012,20.98,102.16
El Salvador,2013,16.509999999999998,99.54999999999998
El Salvador,2014,24.61,77.22999999999999
Estonia,1995,101.78999999999999,441.3999999999999
Estonia,1996,100.35000000000001,428.37
Estonia,1997,76.28,425.78
Estonia,1998,67.19,360.33000000000004
Estonia,1999,83.19,403.28
Estonia,2000,68.88,295.76
Estonia,2001,82.85999999999999,288.82000000000005
Estonia,2002,59.480000000000004,298.81999999999994
Estonia,2003,58.500000000000014,279.74
Estonia,2004,50.74999999999999,248.70999999999998
Estonia,2005,47.290000000000006,209.14
Estonia,2006,51.61,191.01999999999998
Estonia,2007,39.24,225.81
Estonia,2008,44.980000000000004,199.59
Estonia,2009,42.61000000000001,206.05999999999997
Estonia,2010,36.57999999999999,192.49
Estonia,2011,33.52,195.74
Estonia,2012,41.919999999999995,199.68999999999997
Estonia,2013,40.809999999999995,191.11
Estonia,2014,40.13000000000001,218.78
Estonia,2015,28.64,176.73999999999998
Fiji,2001,12.59,42.36
Fiji,2002,42.22,68.32
Fiji,2003,5.6899999999999995,10.43
Fiji,2004,11.75,78.74000000000001
Fiji,2005,8.53,44.3
Fiji,2006,12.66,18.109999999999996
Fiji,2007,4.42,16.04
Fiji,2008,15.54,31.939999999999998
Fiji,2009,26.47,25.200000000000003
Fiji,2011,11.469999999999999,95.49999999999999
Fiji,2012,27.67,63.910000000000004
Finland,1987,60.86,286.49
Finland,1988,65.78999999999999,288.25
Finland,1989,63.49000000000001,309.87
Finland,1990,69.94,326.28
Finland,1991,65.33,312.24999999999994
Finland,1992,62.660000000000004,287.21000000000004
Finland,1993,57.68,275.32
Finland,1994,62.23,268.01
Finland,1995,64.47,260.48999999999995
Finland,1996,58.11,231.54
Finland,1997,58.71,251.64000000000001
Finland,1998,56.71,244.72
Finland,1999,50.14,232.96999999999997
Finland,2000,60.190000000000005,205.45999999999998
Finland,2001,54.1,213.09000000000003
Finland,2002,53.86000000000001,201.66
Finland,2003,53.36,190.09
Finland,2004,52.25,191.70000000000002
Finland,2005,55.989999999999995,174.52999999999997
Finland,2006,52.77,181.02999999999997
Finland,2007,49.07,174.01000000000002
Finland,2008,46.76,173.53
Finland,2009,55.48,173.00999999999996
Finland,2010,50.1,165.11
Finland,2011,39.8,163.80999999999997
Finland,2012,42.540000000000006,144.47
Finland,2013,45.510000000000005,151.32
Finland,2014,39.13,138.03000000000003
Finland,2015,35.550000000000004,125.63999999999999
France,1985,82.14,266.76
France,1986,84.13,267.64
France,1987,80.60000000000001,250.42999999999998
France,1988,74.13000000000001,238.59000000000003
France,1989,74.29,238.23999999999998
France,1990,71.17999999999999,231.55
France,1991,71.26,226.84
France,1992,68.92999999999999,232.54
France,1993,72.72,239.96999999999997
France,1994,66.3,233.65
France,1995,66.24,226.38
France,1996,62.93000000000001,208.28999999999996
France,1997,60.87,205.45999999999998
France,1998,55.56,198.09
France,1999,56.21999999999999,189.61
France,2000,56.29,200.94
France,2001,53.63,186.30999999999997
France,2002,54.91,183.73000000000002
France,2003,52.72,188.59
France,2004,53.36,179.15
France,2005,52.09,180.0
France,2006,50.03,170.59999999999997
France,2007,47.29,166.4
France,2008,47.18999999999999,169.01999999999998
France,2009,47.35,168.89000000000001
France,2010,46.540000000000006,164.63000000000002
France,2011,44.470000000000006,166.71000000000004
France,2012,41.6,157.38
France,2013,40.330000000000005,152.0
France,2014,37.82,141.74
Georgia,1990,14.370000000000001,50.06
Georgia,1991,13.600000000000001,39.449999999999996
Georgia,1992,13.4,47.07999999999999
Georgia,1994,10.559999999999999,26.740000000000002
Georgia,1995,8.39,32.349999999999994
Georgia,1996,15.040000000000001,44.66000000000001
Georgia,1997,11.25,49.400000000000006
Georgia,1998,9.479999999999999,39.82
Georgia,1999,13.400000000000002,55.17999999999999
Georgia,2000,9.270000000000001,37.370000000000005
Georgia,2001,9.870000000000001,25.32
Georgia,2004,8.27,58.27
Georgia,2005,5.619999999999999,22.739999999999995
Georgia,2006,4.15,19.36
Georgia,2007,6.11,30.48
Georgia,2009,12.32,52.739999999999995
Georgia,2010,4.81,29.52
Georgia,2011,3.6399999999999997,32.67
Georgia,2012,3.8100000000000005,31.07
Georgia,2013,6.14,49.42999999999999
Georgia,2014,11.49,62.99999999999999
Georgia,2015,19.380000000000003,65.30000000000001
Germany,1990,68.0,191.45
Germany,1991,66.79,191.32
Germany,1992,63.949999999999996,186.09
Germany,1993,56.419999999999995,179.08
Germany,1994,54.019999999999996,176.77
Germany,1995,55.410000000000004,178.17
Germany,1996,51.28,165.14
Germany,1997,49.97,160.98999999999998
Germany,1998,44.589999999999996,155.92000000000002
Germany,1999,44.480000000000004,144.76000000000002
Germany,2000,41.98,143.57000000000002
Germany,2001,42.63999999999999,143.14
Germany,2002,43.480000000000004,140.48000000000002
Germany,2003,42.620000000000005,138.62
Germany,2004,39.629999999999995,132.6
Germany,2005,37.55,123.94
Germany,2006,34.51,118.01
Germany,2007,32.79,113.73
Germany,2008,33.129999999999995,112.39000000000001
Germany,2009,31.55,113.97000000000001
Germany,2010,34.39999999999999,117.77
Germany,2011,34.08,118.74
Germany,2012,34.51,113.79999999999998
Germany,2013,35.2,117.87999999999998
Germany,2014,34.169999999999995,118.87
Germany,2015,35.23,115.11000000000001
Greece,1985,16.51,41.66
Greece,1986,13.8,47.41
Greece,1987,14.27,48.79
Greece,1988,15.420000000000002,44.7
Greece,1989,13.209999999999999,41.32
Greece,1990,9.389999999999999,42.099999999999994
Greece,1991,10.73,43.83999999999999
Greece,1992,9.03,39.900000000000006
Greece,1993,12.840000000000002,40.260000000000005
Greece,1994,8.71,38.129999999999995
Greece,1995,7.11,42.57
Greece,1996,8.379999999999999,36.75000000000001
Greece,1997,6.68,40.980000000000004
Greece,1998,8.52,39.75
Greece,1999,9.379999999999999,36.36
Greece,2000,9.65,35.21
Greece,2001,5.709999999999999,33.1
Greece,2002,7.43,30.92
Greece,2003,6.9799999999999995,33.69
Greece,2004,6.03,34.89
Greece,2005,8.47,38.059999999999995
Greece,2006,6.950000000000001,38.46
Greece,2007,6.550000000000001,27.36
Greece,2008,5.66,34.64
Greece,2009,5.72,35.25
Greece,2010,4.1499999999999995,35.75
Greece,2011,9.030000000000001,39.64999999999999
Greece,2012,9.339999999999998,43.98
Greece,2013,10.47,44.64
Greece,2014,11.209999999999999,48.61000000000001
Greece,2015,10.080000000000002,45.98
Grenada,1985,0.0,25.08
Grenada,1988,8.55,38.25
Grenada,1989,0.0,65.09
Grenada,1990,0.0,24.75
Grenada,1991,0.0,0.0
Grenada,1992,0.0,0.0
Grenada,1993,0.0,34.21
Grenada,1994,0.0,60.82
Grenada,1995,51.95,0.0
Grenada,1996,0.0,11.96
Grenada,2001,0.0,0.0
Grenada,2002,0.0,0.0
Grenada,2003,0.0,69.18
Grenada,2004,0.0,13.37
Grenada,2005,14.02,146.8
Grenada,2006,0.0,9.89
Grenada,2007,12.99,35.35
Grenada,2008,0.0,0.0
Grenada,2009,0.0,0.0
Grenada,2010,0.0,0.0
Grenada,2011,0.0,20.73
Grenada,2012,0.0,18.009999999999998
Grenada,2013,0.0,0.0
Grenada,2014,0.0,0.0
Grenada,2015,0.0,0.0
Grenada,2016,0.0,0.0
Guatemala,1986,5.199999999999999,37.63999999999999
Guatemala,1987,13.12,44.8
Guatemala,1988,4.43,42.809999999999995
Guatemala,1989,4.22,31.009999999999998
Guatemala,1990,3.7199999999999998,30.35
Guatemala,1991,4.76,28.759999999999998
Guatemala,1992,7.159999999999999,31.09
Guatemala,1993,4.1499999999999995,27.020000000000003
Guatemala,1994,2.6999999999999997,23.2
Guatemala,1995,7.130000000000001,27.0
Guatemala,1996,3.89,26.16
Guatemala,1997,4.82,21.69
Guatemala,1998,7.17,29.89
Guatemala,1999,4.359999999999999,32.14
Guatemala,2000,4.08,23.339999999999996
Guatemala,2001,5.09,25.5
Guatemala,2002,11.05,29.479999999999997
Guatemala,2003,5.0600000000000005,32.28
Guatemala,2004,5.989999999999999,23.939999999999998
Guatemala,2005,4.96,27.65
Guatemala,2006,7.78,34.169999999999995
Guatemala,2007,5.96,34.31
Guatemala,2008,9.159999999999998,45.6
Guatemala,2009,11.189999999999998,46.379999999999995
Guatemala,2010,6.2,29.229999999999997
Guatemala,2011,8.54,26.15
Guatemala,2012,8.450000000000001,33.35
Guatemala,2013,8.39,32.3
Guatemala,2014,10.74,35.14
Guatemala,2015,11.0,33.849999999999994
Guyana,1988,20.28,71.64
Guyana,1989,41.54,143.34
Guyana,1990,40.79,136.27
Guyana,1991,42.51,190.33
Guyana,1992,44.63000000000001,137.52
Guyana,1993,22.8,94.01
Guyana,1994,43.08,119.12
Guyana,1995,31.93,176.79000000000002
Guyana,1996,18.78,109.53
Guyana,1997,22.16,60.489999999999995
Guyana,1998,5.0200000000000005,59.839999999999996
Guyana,1999,80.55000000000001,233.07000000000002
Guyana,2001,68.47,312.28999999999996
Guyana,2002,53.73,258.2
Guyana,2003,86.04,296.5
Guyana,2004,90.84,309.16
Guyana,2005,66.06,267.90000000000003
Guyana,2006,78.98,315.62000000000006
Guyana,2007,97.63,276.11999999999995
Guyana,2008,87.04,266.58
Guyana,2009,85.13000000000001,216.65
Guyana,2010,76.38,326.69
Guyana,2011,70.86,278.66999999999996
Guyana,2012,75.58,292.40000000000003
Guyana,2013,70.35000000000001,286.03000000000003
Hungary,1991,147.35,427.65000000000003
Hungary,1992,134.15,436.10999999999996
Hungary,1993,125.70000000000002,413.58
Hungary,1994,122.92000000000002,412.89
Hungary,1995,116.92999999999999,376.49000000000007
Hungary,1996,120.89999999999999,361.84000000000003
Hungary,1997,106.41,364.03
Hungary,1998,98.25,338.53
Hungary,1999,100.13,383.74999999999994
Hungary,2000,103.92,360.64000000000004
Hungary,2001,82.69,326.29
Hungary,2002,76.39,306.35999999999996
Hungary,2003,76.26,295.78
Hungary,2004,75.04000000000002,294.43
Hungary,2005,65.42,286.59
Hungary,2006,65.5,247.16
Hungary,2007,63.54,263.78000000000003
Hungary,2008,63.07,268.60999999999996
Hungary,2009,58.220000000000006,252.50000000000003
Hungary,2010,58.769999999999996,262.53999999999996
Hungary,2011,61.10000000000001,238.74999999999997
Hungary,2012,59.31,246.65000000000003
Hungary,2013,53.94,212.29000000000002
Hungary,2014,45.25,199.06
Hungary,2015,53.88,203.39
Hungary,2016,51.03,190.31
Iceland,1985,34.86,136.19
Iceland,1986,81.48,133.62
Iceland,1987,72.92999999999999,137.01000000000002
Iceland,1988,32.86,135.12
Iceland,1989,41.33,68.79
Iceland,1990,20.060000000000002,160.25
Iceland,1991,35.660000000000004,164.07
Iceland,1992,21.759999999999998,101.13000000000001
Iceland,1993,27.949999999999996,81.07
Iceland,1994,37.49,87.95000000000002
Iceland,1995,31.130000000000003,98.53
Iceland,1996,28.97,148.38
Iceland,1997,28.19,135.83
Iceland,1998,35.400000000000006,105.68999999999998
Iceland,1999,31.959999999999997,96.95999999999998
Iceland,2000,29.83,178.16
Iceland,2001,27.380000000000003,135.68
Iceland,2002,45.32,85.91999999999999
Iceland,2003,25.58,75.39
Iceland,2004,38.07,130.74
Iceland,2005,27.740000000000002,87.25999999999999
Iceland,2006,31.88,74.51
Iceland,2007,34.0,129.29000000000002
Iceland,2008,37.980000000000004,98.11000000000001
Iceland,2009,17.88,105.85000000000001
Iceland,2010,31.71,152.56
Iceland,2011,18.380000000000003,74.57
Iceland,2012,38.67,106.74000000000001
Iceland,2013,62.589999999999996,158.65
Iceland,2014,42.410000000000004,155.54999999999998
Iceland,2015,45.69,94.96000000000001
Iceland,2016,14.68,123.39000000000001
Ireland,1985,21.04,81.12
Ireland,1986,23.199999999999996,81.68
Ireland,1987,24.46,70.96000000000001
Ireland,1988,24.58,88.66
Ireland,1989,25.3,85.25999999999999
Ireland,1990,29.39,96.29
Ireland,1991,22.13,104.39999999999999
Ireland,1992,21.979999999999997,115.89
Ireland,1993,22.880000000000003,94.27
Ireland,1994,29.419999999999998,113.4
Ireland,1995,27.26,116.58000000000001
Ireland,1996,20.299999999999997,125.24
Ireland,1997,28.69,127.46000000000001
Ireland,1998,22.22,139.95000000000002
Ireland,1999,27.25,113.97000000000001
Ireland,2000,25.05,117.31
Ireland,2001,22.659999999999997,126.31000000000002
Ireland,2002,24.05,111.77
Ireland,2003,28.43,106.33999999999999
Ireland,2004,20.17,109.25
Ireland,2005,25.590000000000003,95.52
Ireland,2006,21.46,105.0
Ireland,2007,24.14,97.63
Ireland,2008,31.279999999999998,98.27999999999999
Ireland,2009,26.59,106.04000000000002
Ireland,2010,24.920000000000005,95.38000000000001
Ireland,2011,22.46,116.12
Ireland,2012,23.21,114.45000000000002
Ireland,2013,23.02,94.39
Ireland,2014,20.5,99.18
Israel,1985,32.89000000000001,79.14
Israel,1986,41.87,88.41
Israel,1987,39.309999999999995,94.30000000000003
Israel,1988,37.08,87.07999999999998
Israel,1989,50.550000000000004,119.77000000000001
Israel,1990,31.700000000000003,90.56
Israel,1991,38.330000000000005,101.01
Israel,1992,34.800000000000004,96.14999999999998
Israel,1993,34.84,102.38999999999999
Israel,1994,43.980000000000004,105.91
Israel,1995,38.42,89.00999999999999
Israel,1996,26.660000000000004,83.85
Israel,1997,27.500000000000004,99.08
Israel,1998,23.42,76.69
Israel,1999,21.85,80.73
Israel,2000,22.55,86.01
Israel,2001,20.5,87.73
Israel,2002,21.58,71.91
Israel,2003,16.560000000000002,80.61
Israel,2004,21.369999999999997,77.07
Israel,2005,28.35,74.56
Israel,2006,18.810000000000002,61.709999999999994
Israel,2007,12.489999999999998,61.17999999999999
Israel,2008,13.51,73.82000000000001
Israel,2009,17.099999999999998,63.22
Israel,2010,15.54,83.93
Israel,2011,15.549999999999999,71.86
Israel,2012,15.100000000000001,68.68999999999998
Israel,2013,15.129999999999999,59.08
Israel,2014,15.470000000000002,55.79
Israel,2015,14.110000000000001,51.8
Italy,1985,31.34,102.05999999999999
Italy,1986,31.109999999999996,99.93999999999998
Italy,1987,28.33,97.21000000000001
Italy,1988,28.310000000000002,93.5
Italy,1989,26.26,90.38
Italy,1990,26.130000000000003,95.85
Italy,1991,26.42,89.44999999999999
Italy,1992,24.96,90.51999999999998
Italy,1993,24.7,96.44
Italy,1994,24.230000000000004,94.69999999999999
Italy,1995,23.449999999999996,94.56
Italy,1996,25.37,90.08000000000001
Italy,1997,23.490000000000002,93.55000000000001
Italy,1998,21.18,92.66
Italy,1999,20.009999999999998,79.71
Italy,2000,20.910000000000004,78.31
Italy,2001,18.709999999999997,77.16
Italy,2002,17.76,76.85
Italy,2003,18.83,75.58999999999999
Italy,2004,18.009999999999998,73.32000000000001
Italy,2005,17.639999999999997,64.95
Italy,2006,15.4,66.21000000000001
Italy,2007,15.46,66.50000000000001
Italy,2008,15.93,65.75999999999999
Italy,2009,14.950000000000001,66.97999999999999
Italy,2010,14.76,66.01
Italy,2011,14.900000000000002,71.17999999999999
Italy,2012,16.09,69.36
Italy,2013,16.47,68.39
Italy,2014,15.59,66.54
Italy,2015,14.570000000000002,63.88
Jamaica,1985,3.1999999999999997,5.84
Jamaica,1986,0.0,0.57
Jamaica,1987,1.46,6.32
Jamaica,1988,2.86,1.34
Jamaica,1989,0.0,0.0
Jamaica,1990,0.0,1.32
Jamaica,1991,0.0,0.9
Jamaica,2000,0.0,1.16
Jamaica,2001,0.41,2.39
Jamaica,2002,0.0,0.7
Jamaica,2003,0.41,0.5
Jamaica,2004,0.0,0.74
Jamaica,2005,2.77,23.399999999999995
Jamaica,2006,0.0,0.0
Jamaica,2009,1.4900000000000002,19.639999999999997
Jamaica,2010,0.0,1.16
Jamaica,2011,2.4499999999999997,25.410000000000004
Japan,1985,107.69000000000001,192.78
Japan,1986,119.92999999999998,203.61999999999998
Japan,1987,108.67,186.62000000000003
Japan,1988,108.17000000000002,176.55
Japan,1989,101.81,161.60999999999999
Japan,1990,95.13999999999999,151.23
Japan,1991,87.36,147.15
Japan,1992,85.40999999999998,154.86999999999998
Japan,1993,77.94,146.16000000000003
Japan,1994,75.96,152.99
Japan,1995,76.77000000000001,151.35999999999999
Japan,1996,76.1,152.38000000000002
Japan,1997,77.46000000000001,159.92
Japan,1998,93.59,213.01000000000002
Japan,1999,87.42,211.48
Japan,2000,81.86,196.66
Japan,2001,77.15,190.01
Japan,2002,74.9,190.94
Japan,2003,77.87,201.54
Japan,2004,73.83999999999999,192.40999999999997
Japan,2005,74.19,192.7
Japan,2006,75.05,187.19
Japan,2007,76.16,192.6
Japan,2008,76.46,188.86
Japan,2009,74.03,192.65999999999997
Japan,2010,72.1,183.38
Japan,2011,77.21000000000001,175.20000000000002
Japan,2012,67.55000000000001,166.15
Japan,2013,67.08,164.08
Japan,2014,63.67999999999999,154.53
Japan,2015,58.29,147.75
Kazakhstan,1990,79.38000000000001,254.74000000000004
Kazakhstan,1991,74.09,244.57000000000002
Kazakhstan,1992,77.24,246.29
Kazakhstan,1993,75.30999999999999,301.18
Kazakhstan,1994,79.89,334.79
Kazakhstan,1995,82.12,372.55
Kazakhstan,1996,73.67999999999999,379.15999999999997
Kazakhstan,1997,74.53999999999999,359.20000000000005
Kazakhstan,1998,76.24,364.28000000000003
Kazakhstan,1999,69.69,338.03999999999996
Kazakhstan,2000,73.27,352.78
Kazakhstan,2001,67.27,355.21999999999997
Kazakhstan,2002,66.99,338.9
Kazakhstan,2003,69.07,342.64
Kazakhstan,2004,67.13,346.72999999999996
Kazakhstan,2005,60.54999999999999,297.25
Kazakhstan,2006,62.1,312.63
Kazakhstan,2007,63.33,312.3
Kazakhstan,2008,65.08,301.85999999999996
Kazakhstan,2009,60.589999999999996,269.48
Kazakhstan,2010,54.78999999999999,266.02000000000004
Kazakhstan,2011,52.56999999999999,241.19
Kazakhstan,2012,46.97,224.04999999999998
Kazakhstan,2013,55.8,240.87
Kazakhstan,2014,46.97,210.12
Kazakhstan,2015,42.67,195.35
Kiribati,1991,31.049999999999997,150.49
Kiribati,1992,35.73,46.05
Kiribati,1993,25.82,178.4
Kiribati,1994,25.72,124.68
Kiribati,1995,0.0,56.71
Kiribati,1996,43.65,33.7
Kiribati,1997,0.0,76.06
Kiribati,1998,0.0,50.45
Kiribati,1999,0.0,0.0
Kiribati,2000,0.0,0.0
Kiribati,2001,0.0,0.0
Kuwait,1985,2.29,8.91
Kuwait,1986,2.88,5.86
Kuwait,1987,6.91,4.5600000000000005
Kuwait,1993,4.68,8.33
Kuwait,1994,9.34,9.129999999999999
Kuwait,1995,3.86,8.88
Kuwait,1996,8.05,10.28
Kuwait,1997,12.379999999999999,7.5600000000000005
Kuwait,1998,8.83,7.38
Kuwait,1999,7.15,9.67
Kuwait,2000,7.65,7.58
Kuwait,2001,2.48,6.65
Kuwait,2002,5.299999999999999,9.260000000000002
Kuwait,2003,7.500000000000001,8.94
Kuwait,2004,8.719999999999999,8.54
Kuwait,2005,5.680000000000001,12.5
Kuwait,2006,6.67,9.16
Kuwait,2007,4.61,8.41
Kuwait,2008,5.48,6.28
Kuwait,2009,8.14,6.670000000000001
Kuwait,2010,3.9,6.14
Kuwait,2011,4.86,6.550000000000001
Kuwait,2012,7.4,8.19
Kuwait,2013,3.7700000000000005,6.109999999999999
Kuwait,2014,6.029999999999999,9.83
Kyrgyzstan,1990,65.71999999999998,181.35
Kyrgyzstan,1991,60.54,186.05
Kyrgyzstan,1992,41.5,179.92
Kyrgyzstan,1993,62.06,196.73000000000002
Kyrgyzstan,1994,40.15,214.16
Kyrgyzstan,1995,50.26,189.51
Kyrgyzstan,1996,45.56,160.97999999999996
Kyrgyzstan,1997,36.72,154.13
Kyrgyzstan,1998,28.88,156.06
Kyrgyzstan,1999,44.910000000000004,146.53
Kyrgyzstan,2000,39.21,143.42000000000002
Kyrgyzstan,2001,26.770000000000003,166.53
Kyrgyzstan,2002,31.57,141.54
Kyrgyzstan,2003,23.5,114.35999999999999
Kyrgyzstan,2004,24.7,116.63
Kyrgyzstan,2005,21.32,114.16
Kyrgyzstan,2006,31.580000000000002,114.41000000000001
Kyrgyzstan,2007,32.73,93.16000000000001
Kyrgyzstan,2008,29.83,106.13000000000001
Kyrgyzstan,2009,24.440000000000005,88.84
Kyrgyzstan,2010,29.759999999999998,113.44
Kyrgyzstan,2011,28.240000000000002,98.65000000000002
Kyrgyzstan,2012,37.11,103.55
Kyrgyzstan,2013,24.29,85.55
Kyrgyzstan,2014,25.16,86.63000000000001
Kyrgyzstan,2015,21.720000000000002,76.64999999999999
Latvia,1995,94.30000000000001,451.32
Latvia,1996,81.11,410.90000000000003
Latvia,1997,87.36000000000001,405.2099999999999
Latvia,1998,75.91999999999999,365.9200000000001
Latvia,1999,80.37,340.04
Latvia,2000,76.91,376.28999999999996
Latvia,2001,68.63,314.86
Latvia,2002,70.78999999999999,296.97
Latvia,2003,60.099999999999994,301.53000000000003
Latvia,2004,55.45,272.93
Latvia,2005,60.519999999999996,251.54000000000002
Latvia,2006,41.4,247.5
Latvia,2007,51.12,244.63000000000002
Latvia,2008,52.89,270.79999999999995
Latvia,2009,50.46999999999999,257.3299999999999
Latvia,2010,28.38,230.96
Latvia,2011,41.7,247.05
Latvia,2012,39.959999999999994,227.72
Latvia,2013,29.529999999999998,212.66000000000003
Latvia,2014,40.28,208.53000000000003
Latvia,2015,40.39999999999999,211.07000000000005
Lithuania,1995,102.41,536.8899999999999
Lithuania,1996,108.81000000000002,486.8
Lithuania,1997,90.78999999999999,474.65000000000003
Lithuania,1998,91.78,474.58000000000004
Lithuania,1999,89.55999999999999,471.96999999999997
Lithuania,2000,100.8,471.0
Lithuania,2001,90.85,478.13
Lithuania,2002,82.92,472.70000000000005
Lithuania,2003,80.96,449.56
Lithuania,2004,84.13999999999999,419.22999999999996
Lithuania,2005,74.44,411.34999999999997
Lithuania,2006,66.13,334.44
Lithuania,2007,63.08,343.71
Lithuania,2008,64.83,365.22
Lithuania,2009,64.84,372.23
Lithuania,2010,64.39000000000001,330.85
Lithuania,2011,68.24000000000001,339.45
Lithuania,2012,57.879999999999995,316.24
Lithuania,2013,72.23000000000002,372.33000000000004
Lithuania,2014,60.68999999999999,340.58000000000004
Lithuania,2015,62.17,323.31
Lithuania,2016,44.58,317.14000000000004
Luxembourg,1985,63.8,183.59
Luxembourg,1986,42.75,140.3
Luxembourg,1987,89.0,154.23999999999998
Luxembourg,1988,46.830000000000005,164.67000000000002
Luxembourg,1989,61.98,199.34000000000003
Luxembourg,1990,64.33,169.01
Luxembourg,1991,55.29,225.54
Luxembourg,1992,90.03,138.33999999999997
Luxembourg,1993,41.35,166.60999999999999
Luxembourg,1994,35.989999999999995,241.25
Luxembourg,1995,53.45,156.63
Luxembourg,1996,50.97,178.28000000000003
Luxembourg,1997,55.190000000000005,252.41
Luxembourg,1998,49.519999999999996,151.73
Luxembourg,1999,55.68,156.31000000000003
Luxembourg,2000,41.72,180.91999999999996
Luxembourg,2001,77.61,162.21
Luxembourg,2002,55.17000000000001,208.97
Luxembourg,2003,17.509999999999998,146.85999999999999
Luxembourg,2004,41.79,147.74999999999997
Luxembourg,2005,21.32,137.75000000000003
Luxembourg,2006,33.78,150.01000000000002
Luxembourg,2007,58.040000000000006,125.85
Luxembourg,2008,18.470000000000002,93.83999999999999
Luxembourg,2009,23.330000000000002,87.61999999999999
Luxembourg,2010,23.11,118.05000000000003
Luxembourg,2011,49.69,86.83999999999999
Luxembourg,2012,27.24,112.94
Luxembourg,2013,34.71,56.769999999999996
Luxembourg,2014,37.410000000000004,110.47000000000001
Luxembourg,2015,38.599999999999994,95.80000000000001
Macau,1994,76.78,94.96
Maldives,2000,0.0,0.0
Maldives,2001,102.46,8.030000000000001
Maldives,2002,2.95,6.890000000000001
Maldives,2003,3.95,11.57
Maldives,2004,3.74,0.0
Maldives,2005,0.0,2.75
Maldives,2007,6.33,8.030000000000001
Maldives,2008,0.0,0.0
Maldives,2010,0.0,1.99
Maldives,2011,0.0,5.39
Malta,1985,0.0,8.76
Malta,1986,3.61,0.0
Malta,1987,0.0,18.87
Malta,1988,3.61,25.0
Malta,1989,13.51,76.45000000000002
Malta,1990,0.0,23.75
Malta,1991,2.01,28.330000000000002
Malta,1992,15.4,71.74
Malta,1993,17.78,29.76
Malta,1994,15.41,49.28
Malta,1995,14.44,32.580000000000005
Malta,1996,4.17,43.260000000000005
Malta,1997,15.24,55.44
Malta,1998,1.76,28.869999999999997
Malta,1999,20.34,71.42
Malta,2000,16.3,61.75
Malta,2001,23.63,61.66
Malta,2002,26.84,28.44
Malta,2003,7.949999999999999,66.99
Malta,2004,34.160000000000004,51.66
Malta,2005,5.88,62.06
Malta,2006,9.850000000000001,77.36
Malta,2007,6.72,67.12
Malta,2008,3.65,35.03
Malta,2009,10.48,96.63999999999999
Malta,2010,4.03,78.07999999999998
Malta,2011,0.0,47.49999999999999
Malta,2012,11.14,48.73
Malta,2013,3.37,53.85
Malta,2014,15.9,86.17999999999999
Malta,2015,16.25,62.019999999999996
Mauritius,1985,61.52,81.61
Mauritius,1986,8.0,22.07
Mauritius,1987,76.32,95.61999999999999
Mauritius,1988,59.449999999999996,186.66
Mauritius,1989,59.33,152.31000000000003
Mauritius,1990,60.19,102.99
Mauritius,1991,47.599999999999994,149.19
Mauritius,1992,55.099999999999994,143.89000000000001
Mauritius,1993,47.569999999999986,127.42
Mauritius,1994,29.060000000000002,125.59
Mauritius,1995,41.769999999999996,140.88
Mauritius,1996,45.71,120.43
Mauritius,1997,20.45,123.11999999999999
Mauritius,1998,45.99,108.77999999999999
Mauritius,1999,50.21,135.83
Mauritius,2000,27.58,113.24
Mauritius,2001,39.06,82.78
Mauritius,2002,27.3,104.59999999999998
Mauritius,2003,22.419999999999998,71.60000000000001
Mauritius,2004,20.12,80.86999999999999
Mauritius,2005,26.070000000000004,76.44
Mauritius,2006,39.040000000000006,124.64
Mauritius,2007,26.939999999999998,114.51
Mauritius,2008,11.16,66.97
Mauritius,2009,25.959999999999997,80.11
Mauritius,2010,18.41,93.42000000000002
Mauritius,2011,21.38,98.65999999999998
Mauritius,2012,27.35,86.89999999999999
Mauritius,2013,14.499999999999998,83.16999999999999
Mauritius,2014,28.310000000000002,87.14
Mauritius,2015,25.250000000000004,74.72
Mauritius,2016,12.8,86.5
Mexico,1985,5.280000000000001,32.89
Mexico,1986,4.6899999999999995,41.05
Mexico,1987,5.0600000000000005,36.37
Mexico,1988,5.260000000000001,36.96
Mexico,1989,5.08,43.18
Mexico,1990,4.91,43.94
Mexico,1991,5.56,42.129999999999995
Mexico,1992,5.7700000000000005,46.300000000000004
Mexico,1993,5.24,46.760000000000005
Mexico,1994,6.42,49.5
Mexico,1995,6.449999999999999,52.64
Mexico,1996,6.249999999999999,50.08
Mexico,1997,6.600000000000001,50.470000000000006
Mexico,1998,6.61,50.22999999999999
Mexico,1999,6.45,48.43999999999999
Mexico,2000,6.909999999999999,47.98
Mexico,2001,8.39,54.910000000000004
Mexico,2002,7.800000000000001,50.56
Mexico,2003,8.24,54.76
Mexico,2004,8.309999999999999,52.44
Mexico,2005,8.309999999999999,53.910000000000004
Mexico,2006,7.909999999999999,51.31
Mexico,2007,8.370000000000001,49.64000000000001
Mexico,2008,9.16,51.67
Mexico,2009,9.719999999999999,54.419999999999995
Mexico,2010,8.850000000000001,52.16
Mexico,2011,10.36,55.160000000000004
Mexico,2012,10.109999999999998,53.32
Mexico,2013,10.280000000000001,54.71
Mexico,2014,11.29,57.089999999999996
Mexico,2015,11.47,55.1
Mongolia,2016,28.180000000000003,156.21
Montenegro,2000,0.0,0.0
Montenegro,2001,0.0,0.0
Montenegro,2002,0.0,0.0
Montenegro,2003,0.0,0.0
Montenegro,2004,0.0,0.0
Montenegro,2005,85.35000000000001,189.13000000000002
Montenegro,2006,0.0,0.0
Montenegro,2007,78.36999999999999,257.15999999999997
Montenegro,2008,110.2,197.89
Montenegro,2009,63.62,212.31
Netherlands,1985,49.33,110.56
Netherlands,1986,50.92,107.36000000000001
Netherlands,1987,51.949999999999996,105.22
Netherlands,1988,45.379999999999995,102.22000000000001
Netherlands,1989,45.71,90.3
Netherlands,1990,46.099999999999994,90.07000000000001
Netherlands,1991,46.26,104.23
Netherlands,1992,43.459999999999994,100.03
Netherlands,1993,42.92,93.05999999999999
Netherlands,1994,38.260000000000005,98.69999999999999
Netherlands,1995,39.23,85.79
Netherlands,1996,41.209999999999994,93.86
Netherlands,1997,41.27,95.30000000000001
Netherlands,1998,38.42,90.08
Netherlands,1999,37.720000000000006,85.44000000000001
Netherlands,2000,34.62,84.37
Netherlands,2001,33.089999999999996,83.21
Netherlands,2002,35.31,84.42
Netherlands,2003,35.339999999999996,77.99000000000001
Netherlands,2004,33.49,77.67
Netherlands,2005,33.47,79.81
Netherlands,2006,31.95,81.23999999999998
Netherlands,2007,27.59,69.84999999999998
Netherlands,2008,29.119999999999997,72.97
Netherlands,2009,30.15,78.15000000000002
Netherlands,2010,30.850000000000005,78.63999999999999
Netherlands,2011,33.03,80.05
Netherlands,2012,36.32,82.19000000000001
Netherlands,2013,35.74,89.79
Netherlands,2014,38.14,83.28
Netherlands,2015,37.41,89.52
Netherlands,2016,40.33,87.05999999999999
New Zealand,1985,32.23,121.41
New Zealand,1986,46.199999999999996,132.47
New Zealand,1987,40.879999999999995,169.64
New Zealand,1988,43.660000000000004,161.37
New Zealand,1989,32.68,157.94000000000003
New Zealand,1990,34.18,152.39000000000001
New Zealand,1991,28.98,146.5
New Zealand,1992,33.32,150.27
New Zealand,1993,31.81,132.17000000000002
New Zealand,1994,37.83,160.79999999999998
New Zealand,1995,40.74,158.68
New Zealand,1996,37.550000000000004,157.57999999999998
New Zealand,1997,38.550000000000004,159.73000000000002
New Zealand,1998,42.51,158.56
New Zealand,1999,41.019999999999996,135.78000000000003
New Zealand,2000,25.860000000000003,131.67999999999998
New Zealand,2001,39.01,140.89000000000001
New Zealand,2002,34.97,117.06
New Zealand,2003,43.11,129.23999999999998
New Zealand,2004,32.910000000000004,130.5
New Zealand,2005,38.86,119.07000000000001
New Zealand,2006,39.730000000000004,117.01000000000002
New Zealand,2007,31.469999999999995,116.72
New Zealand,2008,38.080000000000005,113.69999999999999
New Zealand,2009,33.26,119.74000000000001
New Zealand,2010,42.099999999999994,110.52000000000001
New Zealand,2011,33.440000000000005,109.38000000000001
New Zealand,2012,41.89,116.13999999999999
New Zealand,2013,37.54,107.00999999999999
Nicaragua,2010,14.379999999999999,74.36
Nicaragua,2011,17.32,72.22999999999999
Nicaragua,2012,16.259999999999998,56.03
Nicaragua,2013,13.040000000000001,67.93
Nicaragua,2014,15.56,55.839999999999996
Nicaragua,2015,15.079999999999998,54.79
Norway,1986,41.43,122.19000000000001
Norway,1987,42.23,149.32999999999998
Norway,1988,53.65999999999999,154.84
Norway,1989,49.59,148.3
Norway,1990,45.58,145.73000000000002
Norway,1991,48.17,146.65
Norway,1992,44.6,137.04000000000002
Norway,1993,40.63,137.42
Norway,1994,39.9,110.63000000000001
Norway,1995,35.32,121.03
Norway,1996,33.88,120.05
Norway,1997,36.82,121.79
Norway,1998,39.04,114.61999999999999
Norway,1999,40.23,123.09999999999998
Norway,2000,34.56,115.77000000000001
Norway,2001,33.730000000000004,120.56
Norway,2002,33.449999999999996,107.55
Norway,2003,33.47,104.60999999999999
Norway,2004,41.620000000000005,99.75000000000001
Norway,2005,44.22,97.87
Norway,2006,33.17,109.5
Norway,2007,35.669999999999995,92.1
Norway,2008,39.69,92.33999999999999
Norway,2009,37.29,108.44999999999997
Norway,2010,36.720000000000006,99.71
Norway,2011,36.21,110.27999999999999
Norway,2012,33.96,92.03999999999999
Norway,2013,36.68000000000001,90.32999999999998
Norway,2014,31.71,95.51999999999998
Norway,2015,42.940000000000005,93.49000000000001
Oman,2009,0.0,21.189999999999998
Oman,2010,0.0,3.8000000000000003
Oman,2014,0.0,1.51
Panama,1985,8.17,42.88999999999999
Panama,1986,12.729999999999999,48.18
Panama,1987,12.29,54.77
Panama,1988,15.970000000000002,44.220000000000006
Panama,1989,4.62,50.67000000000001
Panama,1996,9.56,56.82000000000001
Panama,1997,14.179999999999998,69.00999999999999
Panama,1998,12.66,64.03
Panama,1999,10.27,67.35999999999999
Panama,2000,8.110000000000001,77.47
Panama,2001,11.780000000000001,74.99000000000001
Panama,2002,18.660000000000004,60.279999999999994
Panama,2003,7.569999999999999,89.66999999999999
Panama,2004,11.18,70.58
Panama,2005,10.990000000000002,66.82
Panama,2006,4.56,87.07
Panama,2007,6.699999999999999,65.2
Panama,2008,14.219999999999999,59.08
Panama,2009,9.4,58.89
Panama,2010,9.07,54.93
Panama,2011,6.04,56.690000000000005
Panama,2012,6.9,48.62
Panama,2013,5.09,44.22
Panama,2014,6.79,49.19
Panama,2015,5.8,39.1
Paraguay,1985,9.83,29.589999999999996
Paraguay,1986,7.830000000000001,18.93
Paraguay,1987,9.959999999999999,26.64
Paraguay,1989,10.899999999999999,24.430000000000003
Paraguay,1990,18.42,26.59
Paraguay,1991,7.609999999999999,19.53
Paraguay,1994,12.489999999999998,31.97
Paraguay,1995,8.790000000000001,31.540000000000003
Paraguay,1996,7.650000000000001,25.81
Paraguay,1997,10.190000000000001,25.390000000000004
Paraguay,1998,12.28,36.27
Paraguay,1999,14.549999999999999,29.87
Paraguay,2000,12.34,30.44
Paraguay,2001,13.25,43.27
Paraguay,2002,14.51,28.939999999999998
Paraguay,2003,8.48,42.87
Paraguay,2004,16.87,48.57
Paraguay,2005,15.85,46.96
Paraguay,2006,14.18,51.39
Paraguay,2007,13.09,49.42000000000001
Paraguay,2008,13.36,44.96
Paraguay,2009,13.15,54.17999999999999
Paraguay,2010,14.219999999999999,40.339999999999996
Paraguay,2011,13.899999999999999,53.93000000000001
Paraguay,2012,19.35,43.949999999999996
Paraguay,2013,14.98,60.410000000000004
Paraguay,2014,19.22,52.93
Philippines,1992,2.4499999999999997,7.359999999999999
Philippines,1993,8.74,13.23
Philippines,1997,4.68,15.559999999999999
Philippines,1998,4.21,17.840000000000003
Philippines,1999,6.74,18.14
Philippines,2000,7.620000000000001,24.59
Philippines,2001,5.260000000000001,21.82
Philippines,2002,6.6,21.939999999999998
Philippines,2003,8.12,25.289999999999996
Philippines,2006,7.2299999999999995,29.43
Philippines,2007,6.37,22.8
Philippines,2008,7.010000000000001,26.04
Philippines,2009,7.660000000000001,27.23
Philippines,2010,7.24,29.72
Philippines,2011,8.5,36.41
Poland,1990,29.349999999999994,143.29
Poland,1991,27.109999999999996,153.16
Poland,1992,32.120000000000005,162.31
Poland,1993,30.38,157.47
Poland,1994,27.400000000000002,158.56
Poland,1995,28.45,153.25
Poland,1996,27.65,150.56
Poland,1999,26.04,158.11
Poland,2000,29.06,161.95000000000002
Poland,2001,24.09,156.56
Poland,2002,29.05,154.21999999999997
Poland,2003,25.729999999999997,154.42
Poland,2004,26.24,161.49999999999997
Poland,2005,25.409999999999997,160.63
Poland,2006,25.94,156.91
Poland,2007,23.349999999999998,143.11999999999998
Poland,2008,23.38,153.99999999999997
Poland,2009,26.580000000000002,170.51999999999998
Poland,2010,23.529999999999998,167.10999999999999
Poland,2011,21.169999999999998,162.69
Poland,2012,22.939999999999998,169.43
Poland,2013,23.160000000000004,164.43
Poland,2014,22.349999999999994,155.95
Poland,2015,20.13,146.86
Portugal,1985,39.6,125.22000000000001
Portugal,1986,36.029999999999994,129.5
Portugal,1987,35.449999999999996,135.88
Portugal,1988,26.84,110.91
Portugal,1989,27.979999999999997,102.34
Portugal,1990,33.61,116.59999999999998
Portugal,1991,30.25,134.90999999999997
Portugal,1992,30.95,117.34999999999998
Portugal,1993,25.389999999999997,100.44
Portugal,1994,24.459999999999997,99.36000000000001
Portugal,1995,29.75,99.18
Portugal,1996,22.010000000000005,93.75999999999999
Portugal,1997,17.69,84.49
Portugal,1998,18.14,68.91999999999999
Portugal,1999,19.869999999999997,69.59
Portugal,2000,14.219999999999999,71.66
Portugal,2001,20.93,94.80000000000001
Portugal,2002,30.400000000000002,141.42999999999998
Portugal,2003,30.959999999999997,135.5
Portugal,2007,29.459999999999997,114.09
Portugal,2008,26.180000000000003,114.83999999999999
Portugal,2009,24.05,115.64999999999999
Portugal,2010,28.670000000000005,120.17000000000002
Portugal,2011,21.990000000000002,105.87
Portugal,2012,22.86,116.54
Portugal,2013,24.57,108.16
Portugal,2014,29.72,124.17
Puerto Rico,1985,18.91,135.7
Puerto Rico,1986,17.81,160.42
Puerto Rico,1987,17.56,126.2
Puerto Rico,1988,9.67,152.01999999999998
Puerto Rico,1989,14.659999999999998,154.88
Puerto Rico,1990,12.36,169.22
Puerto Rico,1991,13.170000000000002,171.64000000000001
Puerto Rico,1992,12.24,123.07
Puerto Rico,1993,9.719999999999999,141.53
Puerto Rico,1994,11.209999999999999,136.07
Puerto Rico,1995,10.72,110.15
Puerto Rico,1996,12.99,126.82
Puerto Rico,1997,4.74,94.51999999999998
Puerto Rico,1998,9.42,121.64999999999999
Puerto Rico,1999,11.23,106.08
Puerto Rico,2000,8.389999999999999,99.87
Puerto Rico,2001,10.780000000000001,96.11
Puerto Rico,2002,10.849999999999998,80.74000000000001
Puerto Rico,2003,5.779999999999999,91.21
Puerto Rico,2004,7.029999999999999,101.92
Puerto Rico,2005,12.600000000000001,92.51
Puerto Rico,2006,6.100000000000001,89.2
Puerto Rico,2007,12.78,80.30000000000003
Puerto Rico,2008,13.71,93.36999999999999
Puerto Rico,2009,7.93,116.97000000000001
Puerto Rico,2010,12.470000000000002,91.37
Puerto Rico,2011,11.420000000000002,79.13000000000001
Puerto Rico,2012,12.030000000000001,75.07000000000001
Puerto Rico,2013,9.67,80.92
Puerto Rico,2014,8.5,68.59
Puerto Rico,2015,7.28,78.30000000000001
Qatar,1995,0.0,0.0
Qatar,2001,10.370000000000001,16.93
Qatar,2004,1.81,13.44
Qatar,2005,1.61,17.189999999999998
Qatar,2006,7.87,79.43
Qatar,2007,5.41,23.2
Qatar,2008,2.28,11.27
Qatar,2009,3.95,15.950000000000001
Qatar,2010,0.88,11.95
Qatar,2011,5.07,13.78
Qatar,2012,3.72,9.55
Qatar,2013,0.7,7.530000000000001
Qatar,2014,6.2700000000000005,12.72
Qatar,2015,6.530000000000001,12.309999999999999
Qatar,2016,2.88,13.549999999999999
Republic of Korea,1985,38.29,108.36
Republic of Korea,1986,32.34,110.97
Republic of Korea,1987,32.33,95.91
Republic of Korea,1988,32.989999999999995,81.59
Republic of Korea,1989,33.26,88.14
Republic of Korea,1990,35.37,85.16
Republic of Korea,1991,34.489999999999995,81.69000000000001
Republic of Korea,1992,37.86,89.53
Republic of Korea,1993,47.58,111.9
Republic of Korea,1994,49.55,115.85
Republic of Korea,1995,52.809999999999995,126.46999999999998
Republic of Korea,1996,63.53,153.45999999999998
Republic of Korea,1997,65.98,160.81999999999996
Republic of Korea,1998,82.74999999999999,219.57
Republic of Korea,1999,72.74,184.78
Republic of Korea,2000,71.17,177.42000000000002
Republic of Korea,2001,79.09,194.45
Republic of Korea,2002,108.92999999999999,252.11
Republic of Korea,2003,131.28,322.84
Republic of Korea,2004,140.23,329.46999999999997
Republic of Korea,2005,145.35,333.69
Republic of Korea,2006,128.0,292.46000000000004
Republic of Korea,2007,149.6,316.9400000000001
Republic of Korea,2008,147.04000000000002,305.24
Republic of Korea,2009,170.89,348.63000000000005
Republic of Korea,2010,158.52,359.68
Republic of Korea,2011,147.84,367.2099999999999
Republic of Korea,2012,132.32000000000002,310.94
Republic of Korea,2013,121.14,307.42999999999995
Republic of Korea,2014,107.91000000000001,277.41999999999996
Republic of Korea,2015,103.94999999999999,285.19
Romania,1989,38.02,119.75
Romania,1990,33.56,92.36
Romania,1991,32.15,101.23
Romania,1992,34.949999999999996,129.23
Romania,1993,34.43,127.64
Romania,1994,33.879999999999995,138.9
Romania,1995,28.23,127.95000000000002
Romania,1996,26.23,133.75
Romania,1997,26.72,134.88
Romania,1998,25.85,135.44
Romania,1999,28.0,130.26999999999998
Romania,2000,29.290000000000003,129.9
Romania,2001,24.689999999999998,124.42
Romania,2002,29.389999999999997,144.21
Romania,2003,27.380000000000003,132.32999999999998
Romania,2004,24.68,126.51
Romania,2005,26.509999999999998,119.5
Romania,2006,25.810000000000002,123.28000000000002
Romania,2007,24.659999999999997,111.4
Romania,2008,24.349999999999998,116.05
Romania,2009,21.29,122.73
Romania,2010,24.279999999999998,125.76
Romania,2011,21.339999999999996,117.44000000000001
Romania,2012,19.11,122.92
Romania,2013,19.93,118.06000000000002
Romania,2014,17.7,113.33
Romania,2015,19.220000000000002,114.33
Romania,2016,17.53,98.80000000000001
Russian Federation,1989,80.61,318.21
Russian Federation,1990,79.96,319.21
Russian Federation,1991,76.61,319.78999999999996
Russian Federation,1992,80.28,357.2
Russian Federation,1993,87.56999999999998,434.49000000000007
Russian Federation,1994,89.82,477.82
Russian Federation,1995,93.26,454.12
Russian Federation,1996,85.66,440.62000000000006
Russian Federation,1997,84.58,423.51
Russian Federation,1998,80.57000000000001,394.16999999999996
Russian Federation,1999,86.95,423.17999999999995
Russian Federation,2000,79.53999999999999,424.93
Russian Federation,2001,77.92,426.73
Russian Federation,2002,78.4,410.1499999999999
Russian Federation,2003,73.11999999999999,395.7900000000001
Russian Federation,2004,70.07,377.5400000000001
Russian Federation,2005,63.87,356.4699999999999
Russian Federation,2006,63.160000000000004,338.15
Russian Federation,2007,63.52,323.46999999999997
Russian Federation,2008,60.28,306.52000000000004
Russian Federation,2009,55.92999999999999,296.87
Russian Federation,2010,50.09,269.12
Russian Federation,2011,49.300000000000004,250.37999999999997
Russian Federation,2012,47.56,237.95000000000002
Russian Federation,2013,42.56,231.41
Russian Federation,2014,40.52,218.7
Russian Federation,2015,37.66,199.26
Saint Kitts and Nevis,1990,0.0,0.0
Saint Kitts and Nevis,1991,0.0,0.0
Saint Kitts and Nevis,1992,0.0,0.0
Saint Lucia,1986,0.0,59.95
Saint Lucia,1987,9.8,131.62
Saint Lucia,1988,100.79,81.42
Saint Lucia,1989,30.9,58.01
Saint Lucia,1990,9.53,17.39
Saint Lucia,1991,0.0,104.09
Saint Lucia,1992,0.0,98.11
Saint Lucia,1993,0.0,75.28
Saint Lucia,1994,14.39,31.41
Saint Lucia,1995,7.7,74.01
Saint Lucia,1996,13.53,47.50000000000001
Saint Lucia,1997,0.0,117.53999999999999
Saint Lucia,1998,45.370000000000005,73.66
Saint Lucia,1999,6.77,68.17
Saint Lucia,2000,27.299999999999997,170.56
Saint Lucia,2001,0.0,59.08
Saint Lucia,2002,56.01,131.51
Saint Lucia,2003,49.37,83.89
Saint Lucia,2004,0.0,66.17
Saint Lucia,2005,0.0,24.82
Saint Lucia,2006,0.0,17.83
Saint Lucia,2008,0.0,0.0
Saint Lucia,2009,0.0,82.32
Saint Lucia,2010,6.38,23.93
Saint Lucia,2011,0.0,53.32
Saint Lucia,2012,4.06,80.97
Saint Lucia,2013,4.01,110.09000000000002
Saint Lucia,2014,20.299999999999997,71.26
Saint Vincent and Grenadines,1985,0.0,32.79
Saint Vincent and Grenadines,1986,0.0,0.0
Saint Vincent and Grenadines,1987,0.0,0.0
Saint Vincent and Grenadines,1990,0.0,72.06
Saint Vincent and Grenadines,1995,0.0,85.41
Saint Vincent and Grenadines,1996,10.9,74.16
Saint Vincent and Grenadines,1997,0.0,30.019999999999996
Saint Vincent and Grenadines,1998,0.0,194.42000000000002
Saint Vincent and Grenadines,1999,0.0,65.80000000000001
Saint Vincent and Grenadines,2000,0.0,44.11
Saint Vincent and Grenadines,2001,12.33,148.33
Saint Vincent and Grenadines,2002,8.59,194.33999999999997
Saint Vincent and Grenadines,2003,0.0,50.91
Saint Vincent and Grenadines,2004,0.0,46.459999999999994
Saint Vincent and Grenadines,2005,8.01,64.1
Saint Vincent and Grenadines,2006,7.88,114.18999999999998
Saint Vincent and Grenadines,2007,0.0,102.39
Saint Vincent and Grenadines,2008,7.66,32.629999999999995
Saint Vincent and Grenadines,2009,0.0,11.18
Saint Vincent and Grenadines,2010,0.0,54.83
Saint Vincent and Grenadines,2011,16.42,30.560000000000002
Saint Vincent and Grenadines,2012,24.89,72.4
Saint Vincent and Grenadines,2013,0.0,0.0
Saint Vincent and Grenadines,2014,0.0,80.78
Saint Vincent and Grenadines,2015,11.02,17.060000000000002
San Marino,1999,0.0,64.35000000000001
San Marino,2000,0.0,47.26
San Marino,2005,0.0,34.01
Serbia,1998,76.83,230.22000000000003
Serbia,1999,98.60000000000001,246.13
Serbia,2000,87.01,237.15
Serbia,2001,72.62,224.38
Serbia,2002,72.58000000000001,223.33
Serbia,2003,66.47,204.79999999999998
Serbia,2004,57.12,205.39
Serbia,2005,74.03,212.29000000000002
Serbia,2006,76.10999999999999,209.96
Serbia,2007,63.69,194.76
Serbia,2008,63.26,179.35
Serbia,2009,61.589999999999996,196.84
Serbia,2010,51.650000000000006,182.83
Serbia,2011,58.04,185.41000000000003
Serbia,2012,51.3,183.23
Serbia,2013,44.78,172.95
Serbia,2014,47.11,169.67000000000002
Serbia,2015,45.29,160.68
Seychelles,1985,13.33,142.85000000000002
Seychelles,1986,0.0,23.26
Seychelles,1987,0.0,60.72
Seychelles,2001,10.39,77.18
Seychelles,2002,0.0,154.12
Seychelles,2003,18.31,81.69
Seychelles,2004,0.0,63.27000000000001
Seychelles,2005,14.33,57.17
Seychelles,2006,0.0,275.75
Seychelles,2007,12.96,134.68
Seychelles,2008,0.0,39.07
Seychelles,2009,0.0,43.81
Seychelles,2010,0.0,51.989999999999995
Seychelles,2011,0.0,51.34
Seychelles,2012,0.0,33.5
Seychelles,2013,0.0,131.4
Seychelles,2014,20.54,22.79
Seychelles,2015,16.79,64.46000000000001
Singapore,1985,131.49,221.86999999999998
Singapore,1986,161.67,162.93999999999997
Singapore,1987,109.93,163.63000000000002
Singapore,1988,137.47,222.72
Singapore,1989,163.16,190.95
Singapore,1990,118.25,153.78
Singapore,1991,99.4,129.98
Singapore,1992,92.3,113.12000000000002
Singapore,1993,83.7,151.44000000000003
Singapore,1994,97.16999999999999,149.68
Singapore,1995,99.12,183.64000000000001
Singapore,1996,74.39,134.55
Singapore,1997,66.19000000000001,140.46
Singapore,1998,84.86,130.49999999999997
Singapore,1999,43.5,122.95
Singapore,2000,53.22,111.12000000000002
Singapore,2001,57.15999999999999,110.64000000000001
Singapore,2002,69.17,103.22
Singapore,2003,60.25000000000001,112.49000000000001
Singapore,2004,57.1,110.37999999999998
Singapore,2005,47.959999999999994,132.37
Singapore,2006,61.199999999999996,87.55
Singapore,2007,57.22,108.53999999999999
Singapore,2008,44.63,105.62
Singapore,2009,49.370000000000005,100.21
Singapore,2010,37.91,91.32000000000001
Singapore,2011,40.09,76.86999999999999
Singapore,2012,49.480000000000004,92.14
Singapore,2013,39.84,98.03
Singapore,2014,31.629999999999995,100.14999999999998
Singapore,2015,37.67,71.62
Slovakia,1992,35.059999999999995,179.17000000000004
Slovakia,1993,30.660000000000004,164.68
Slovakia,1994,25.229999999999997,159.81000000000003
Slovakia,1995,28.859999999999996,169.83999999999997
Slovakia,1996,24.559999999999995,149.94
Slovakia,1997,25.919999999999998,138.18
Slovakia,1998,20.060000000000002,141.78
Slovakia,1999,22.46,149.62
Slovakia,2000,29.92,150.16
Slovakia,2001,25.41,146.47
Slovakia,2002,24.200000000000003,167.57
Slovakia,2003,21.68,147.48000000000002
Slovakia,2004,22.88,128.01999999999998
Slovakia,2005,20.240000000000002,145.13
Slovakia,2006,0.0,0.0
Slovakia,2007,0.0,0.0
Slovakia,2008,18.07,116.13000000000001
Slovakia,2009,11.530000000000001,127.55
Slovakia,2010,19.160000000000004,124.52
Slovakia,2012,12.45,117.03000000000002
Slovakia,2013,16.5,127.41
Slovakia,2014,16.43,116.39000000000001
Slovenia,1995,80.08,313.78999999999996
Slovenia,1996,84.19999999999999,336.9099999999999
Slovenia,1997,71.17000000000002,338.93
Slovenia,1998,85.45,328.15
Slovenia,1999,75.31,318.04999999999995
Slovenia,2000,89.31,314.81
Slovenia,2001,75.55,347.84999999999997
Slovenia,2002,62.650000000000006,291.65
Slovenia,2003,73.38,303.18
Slovenia,2004,82.66,215.82
Slovenia,2005,62.470000000000006,274.94
Slovenia,2006,65.11,282.76000000000005
Slovenia,2007,57.65,233.79999999999998
Slovenia,2008,46.92,216.17000000000002
Slovenia,2009,52.169999999999995,216.54
Slovenia,2010,39.15,226.43999999999997
Slovenia,2011,47.22,234.44
Slovenia,2012,41.559999999999995,238.18
Slovenia,2013,47.39,235.62999999999997
Slovenia,2014,34.13,206.23999999999998
Slovenia,2015,47.14,217.67000000000002
South Africa,1996,1.25,6.779999999999999
South Africa,1997,1.7000000000000002,3.25
South Africa,1998,1.7199999999999998,5.9799999999999995
South Africa,1999,2.35,8.52
South Africa,2000,1.6700000000000002,7.87
South Africa,2001,1.73,10.7
South Africa,2002,1.3299999999999998,5.6499999999999995
South Africa,2003,2.56,6.68
South Africa,2004,2.4799999999999995,10.15
South Africa,2005,3.6300000000000003,11.66
South Africa,2006,3.19,14.729999999999999
South Africa,2007,3.66,8.459999999999999
South Africa,2008,2.5,11.639999999999999
South Africa,2009,2.52,8.19
South Africa,2010,2.67,10.42
South Africa,2011,2.2600000000000002,7.049999999999999
South Africa,2012,2.5700000000000003,10.99
South Africa,2013,3.1399999999999992,11.76
South Africa,2014,2.77,12.309999999999999
South Africa,2015,2.3899999999999997,10.610000000000001
Spain,1985,26.080000000000002,88.85000000000001
Spain,1986,26.7,93.13000000000001
Spain,1987,27.830000000000002,94.31
Spain,1988,29.200000000000003,98.08000000000003
Spain,1989,27.790000000000003,98.69999999999999
Spain,1990,29.27,99.97
Spain,1991,28.16,93.68
Spain,1992,23.96,95.05
Spain,1993,25.29,95.55999999999999
Spain,1994,24.87,99.44999999999999
Spain,1995,24.919999999999998,98.89
Spain,1996,27.960000000000004,98.57
Spain,1997,27.830000000000002,103.48999999999998
Spain,1998,24.12,99.91999999999999
Spain,1999,25.11,93.97
Spain,2000,24.740000000000002,97.47000000000001
Spain,2001,22.53,89.86999999999999
Spain,2002,23.230000000000004,92.41
Spain,2003,23.19,93.29999999999998
Spain,2004,23.93,88.7
Spain,2005,22.599999999999998,85.05999999999999
Spain,2006,19.33,80.53999999999999
Spain,2007,20.2,78.74999999999999
Spain,2008,19.57,78.94999999999999
Spain,2009,18.720000000000002,79.3
Spain,2010,16.01,71.42999999999999
Spain,2011,17.320000000000004,71.27
Spain,2012,18.65,78.23
Spain,2013,22.229999999999997,79.09
Spain,2014,22.430000000000003,81.92
Spain,2015,21.24,76.14
Sri Lanka,1985,143.30000000000004,415.4200000000001
Sri Lanka,1986,123.49999999999999,406.3
Sri Lanka,1996,85.67999999999999,310.03
Sri Lanka,1997,113.69,358.41
Sri Lanka,1998,92.88,358.27
Sri Lanka,1999,100.75999999999998,344.48
Sri Lanka,2000,92.78,334.51000000000005
Sri Lanka,2001,70.89999999999999,287.16
Sri Lanka,2002,65.34,274.07
Sri Lanka,2003,67.33,285.42
Sri Lanka,2006,66.75000000000001,261.98
Suriname,1985,127.44999999999999,343.39
Suriname,1986,57.4,154.59
Suriname,1987,55.22999999999999,196.46999999999997
Suriname,1988,79.94,129.78
Suriname,1989,67.08,145.04
Suriname,1990,10.059999999999999,204.03
Suriname,1991,89.89000000000001,125.57000000000001
Suriname,1992,35.309999999999995,102.65
Suriname,1995,39.440000000000005,143.08
Suriname,1996,11.389999999999999,72.88000000000001
Suriname,1997,28.0,87.69
Suriname,1998,19.119999999999997,82.83
Suriname,1999,37.36,179.34
Suriname,2000,39.43,88.49999999999999
Suriname,2001,45.51,172.57999999999998
Suriname,2002,71.95999999999998,142.26999999999998
Suriname,2003,47.03999999999999,198.95999999999998
Suriname,2004,59.28,142.82
Suriname,2005,45.69,165.48
Suriname,2006,69.43,228.82999999999998
Suriname,2007,102.58999999999999,253.55
Suriname,2008,91.08,325.73999999999995
Suriname,2009,85.85000000000001,283.86
Suriname,2010,138.05999999999997,287.23999999999995
Suriname,2011,68.26,285.05
Suriname,2012,76.03999999999999,378.07
Suriname,2013,73.62,213.18
Suriname,2014,88.62,268.71999999999997
Sweden,1987,64.14,166.76999999999998
Sweden,1988,64.62999999999998,167.04
Sweden,1989,63.260000000000005,175.07999999999998
Sweden,1990,60.730000000000004,161.32
Sweden,1991,59.599999999999994,157.94
Sweden,1992,55.76,145.01999999999998
Sweden,1993,56.0,144.97000000000003
Sweden,1994,53.11,142.58
Sweden,1995,54.57,137.15
Sweden,1996,50.239999999999995,128.0
Sweden,1997,44.25999999999999,122.92999999999999
Sweden,1998,45.89000000000001,129.91
Sweden,1999,46.22,126.41999999999999
Sweden,2000,41.81,120.69000000000001
Sweden,2001,45.8,121.69
Sweden,2002,40.89,121.82000000000001
Sweden,2003,45.31,108.1
Sweden,2004,40.78,116.63000000000001
Sweden,2005,47.76,116.86
Sweden,2006,48.09,112.67
Sweden,2007,38.660000000000004,108.73
Sweden,2008,40.42,115.26
Sweden,2009,42.07,118.33
Sweden,2010,36.05,110.49000000000001
Sweden,2011,39.72,102.05
Sweden,2012,39.06999999999999,109.03999999999999
Sweden,2013,45.17000000000001,113.03000000000002
Sweden,2014,42.93,106.12
Sweden,2015,40.300000000000004,109.0
Sweden,2016,41.019999999999996,97.82000000000001
Switzerland,1995,66.21000000000001,216.86
Switzerland,1996,70.69,209.19999999999996
Switzerland,1997,68.61,198.16
Switzerland,1998,61.36,212.05999999999997
Switzerland,1999,62.05,189.92999999999998
Switzerland,2000,66.98,199.21999999999997
Switzerland,2001,66.32000000000001,195.36999999999998
Switzerland,2002,77.10999999999999,196.59
Switzerland,2003,72.74,169.92000000000002
Switzerland,2004,71.28,170.99
Switzerland,2005,65.67,180.51999999999998
Switzerland,2006,72.30999999999999,169.32
Switzerland,2007,74.25,181.56
Switzerland,2008,73.43,164.08
Switzerland,2009,39.42,140.70999999999998
Switzerland,2010,38.72,121.8
Switzerland,2011,38.67,129.55
Switzerland,2012,38.27000000000001,127.11999999999999
Switzerland,2013,37.559999999999995,132.70000000000002
Switzerland,2014,37.830000000000005,124.26999999999998
Switzerland,2015,36.82,127.83999999999999
Thailand,1985,30.8,51.74
Thailand,1986,23.13,48.78000000000001
Thailand,1987,28.51,53.309999999999995
Thailand,1990,30.45,65.47
Thailand,1991,26.11,60.35000000000001
Thailand,1992,24.92,58.18
Thailand,1994,15.03,41.24000000000001
Thailand,1995,24.65,68.87
Thailand,1996,23.240000000000002,69.81
Thailand,1997,18.68,67.69
Thailand,1998,22.23,77.33
Thailand,1999,24.38,84.64999999999999
Thailand,2000,23.98,82.12
Thailand,2002,24.060000000000002,79.06
Thailand,2003,21.119999999999997,70.04
Thailand,2004,20.689999999999998,65.37
Thailand,2005,16.84,61.150000000000006
Thailand,2006,13.549999999999999,55.49
Thailand,2007,16.419999999999998,62.72
Thailand,2008,17.57,60.61
Thailand,2009,16.150000000000002,62.40999999999999
Thailand,2010,16.39,64.11
Thailand,2011,17.619999999999997,59.97
Thailand,2012,17.66,63.029999999999994
Thailand,2013,16.419999999999998,63.14
Thailand,2014,16.63,60.33
Thailand,2015,15.37,65.78000000000002
Thailand,2016,15.34,61.97999999999999
Trinidad and Tobago,1985,4.59,25.580000000000002
Trinidad and Tobago,1986,41.56,81.57
Trinidad and Tobago,1987,25.19,130.35
Trinidad and Tobago,1988,55.230000000000004,173.51999999999998
Trinidad and Tobago,1989,43.24,154.92000000000002
Trinidad and Tobago,1990,48.53000000000001,137.85
Trinidad and Tobago,1991,32.52,121.02
Trinidad and Tobago,1992,26.54,167.85
Trinidad and Tobago,1993,26.12,135.40999999999997
Trinidad and Tobago,1994,29.86,129.54
Trinidad and Tobago,1995,35.4,207.53
Trinidad and Tobago,1996,42.73,153.63
Trinidad and Tobago,1997,28.990000000000002,160.4
Trinidad and Tobago,1998,34.6,161.44000000000003
Trinidad and Tobago,1999,31.339999999999996,113.97999999999999
Trinidad and Tobago,2000,49.6,148.72
Trinidad and Tobago,2001,36.06,169.27
Trinidad and Tobago,2002,27.03,131.98
Trinidad and Tobago,2003,34.62,123.63
Trinidad and Tobago,2004,30.55,157.73000000000002
Trinidad and Tobago,2005,28.57,115.57000000000001
Trinidad and Tobago,2006,21.589999999999996,112.30000000000001
Trinidad and Tobago,2007,20.379999999999995,123.20000000000002
Trinidad and Tobago,2008,30.59,147.66
Trinidad and Tobago,2009,17.62,102.62
Trinidad and Tobago,2010,25.43,125.07000000000001
Trinidad and Tobago,2011,21.91,116.78
Turkey,2009,5.1899999999999995,16.099999999999998
Turkey,2010,7.680000000000001,24.01
Turkey,2011,5.47,17.599999999999998
Turkey,2012,7.05,21.35
Turkey,2013,8.649999999999999,26.770000000000007
Turkey,2014,7.3500000000000005,23.48
Turkey,2015,7.05,21.42
Turkmenistan,1987,65.25,108.36000000000001
Turkmenistan,1988,51.6,110.85000000000001
Turkmenistan,1989,42.86,92.47000000000001
Turkmenistan,1990,60.46999999999999,111.53999999999998
Turkmenistan,1991,38.1,88.84
Turkmenistan,1992,41.93,69.92
Turkmenistan,1993,31.75,83.67999999999999
Turkmenistan,1994,55.53,61.39000000000001
Turkmenistan,1995,17.800000000000004,72.64
Turkmenistan,1996,26.64,77.0
Turkmenistan,1997,21.63,79.34
Turkmenistan,1998,38.23,98.27000000000001
Turkmenistan,1999,35.07,109.99
Turkmenistan,2000,30.580000000000002,81.55000000000001
Turkmenistan,2001,20.23,113.23
Turkmenistan,2002,22.290000000000003,93.14
Turkmenistan,2003,25.13,81.89000000000001
Turkmenistan,2004,27.200000000000003,85.6
Turkmenistan,2005,24.549999999999997,109.64000000000001
Turkmenistan,2006,29.06,114.78
Turkmenistan,2007,23.12,73.57000000000001
Turkmenistan,2008,28.290000000000003,89.29
Turkmenistan,2009,8.47,34.07
Turkmenistan,2010,9.61,36.14
Turkmenistan,2011,8.5,23.130000000000003
Turkmenistan,2012,6.39,24.21
Turkmenistan,2013,5.63,17.66
Turkmenistan,2014,9.17,18.98
Turkmenistan,2015,9.95,18.53
Ukraine,1987,63.220000000000006,230.82000000000002
Ukraine,1988,61.66,225.06000000000003
Ukraine,1989,63.35,252.96999999999997
Ukraine,1990,58.21,238.48999999999998
Ukraine,1991,57.980000000000004,239.93
Ukraine,1992,58.11000000000001,264.38
Ukraine,1993,63.79,288.32000000000005
Ukraine,1994,67.37,316.92
Ukraine,1995,62.61000000000001,334.05999999999995
Ukraine,1996,62.08,341.34000000000003
Ukraine,1997,65.65,330.02
Ukraine,1998,67.18,322.96999999999997
Ukraine,1999,64.17999999999999,311.87999999999994
Ukraine,2000,63.589999999999996,313.6
Ukraine,2001,53.36,294.78000000000003
Ukraine,2002,51.919999999999995,292.13
Ukraine,2003,51.72999999999999,285.34000000000003
Ukraine,2004,45.769999999999996,261.28
Ukraine,2005,43.12,254.06
Ukraine,2006,41.339999999999996,241.44999999999996
Ukraine,2007,40.39,240.73000000000002
Ukraine,2008,42.16,232.33999999999997
Ukraine,2009,42.940000000000005,236.32000000000002
Ukraine,2010,40.29,222.78
Ukraine,2011,42.089999999999996,221.91
Ukraine,2012,43.089999999999996,225.38000000000002
Ukraine,2014,41.83,208.67
Ukraine,2015,38.08,206.64
United Arab Emirates,2005,5.28,10.77
United Arab Emirates,2006,8.440000000000001,8.11
United Arab Emirates,2007,7.46,8.53
United Arab Emirates,2008,4.09,7.77
United Arab Emirates,2009,3.61,8.120000000000001
United Arab Emirates,2010,5.930000000000001,16.78
United Kingdom,1985,34.900000000000006,81.55
United Kingdom,1986,30.52,81.48999999999998
United Kingdom,1987,27.3,76.50999999999999
United Kingdom,1988,28.43,86.11999999999999
United Kingdom,1989,23.559999999999995,75.63
United Kingdom,1990,22.930000000000003,80.41000000000001
United Kingdom,1991,21.619999999999997,77.18
United Kingdom,1992,21.819999999999997,76.93
United Kingdom,1993,21.509999999999998,75.33999999999999
United Kingdom,1994,20.5,74.26
United Kingdom,1995,19.69,72.64999999999999
United Kingdom,1996,19.79,68.53
United Kingdom,1997,18.5,70.28
United Kingdom,1998,19.709999999999997,71.05
United Kingdom,1999,20.1,72.34
United Kingdom,2000,19.0,68.33
United Kingdom,2001,17.629999999999995,67.50999999999999
United Kingdom,2002,18.72,63.99
United Kingdom,2003,17.66,62.489999999999995
United Kingdom,2004,19.1,63.62
United Kingdom,2005,18.400000000000002,60.76
United Kingdom,2006,16.849999999999998,61.32
United Kingdom,2007,15.759999999999998,59.160000000000004
United Kingdom,2008,17.259999999999998,63.45
United Kingdom,2009,16.81,61.190000000000005
United Kingdom,2010,17.15,60.260000000000005
United Kingdom,2011,16.51,61.78
United Kingdom,2012,16.15,63.32
United Kingdom,2013,16.88,68.03999999999999
United Kingdom,2014,17.990000000000002,65.94
United Kingdom,2015,20.05,66.69
United States,1985,31.860000000000003,152.86
United States,1986,33.36,158.29000000000002
United States,1987,32.11,159.54999999999998
United States,1988,31.070000000000004,156.64000000000001
United States,1989,29.679999999999996,152.76000000000002
United States,1990,29.89,157.91000000000003
United States,1991,28.629999999999995,155.14
United States,1992,28.42,149.35000000000002
United States,1993,28.33,150.79
United States,1994,27.17,148.86
United States,1995,26.73,146.36
United States,1996,25.79,140.65999999999997
United States,1997,26.060000000000002,135.89999999999998
United States,1998,25.729999999999997,134.78
United States,1999,24.05,126.72
United States,2000,22.96,123.61999999999999
United States,2001,23.26,124.96000000000001
United States,2002,24.07,125.95
United States,2003,23.880000000000003,121.76
United States,2004,25.619999999999997,121.28
United States,2005,25.170000000000005,121.50999999999999
United States,2006,25.430000000000003,119.7
United States,2007,26.3,122.82
United States,2008,27.349999999999998,125.89
United States,2009,27.68,126.51
United States,2010,28.599999999999998,130.29
United States,2011,29.93,132.42999999999998
United States,2012,30.700000000000003,134.44
United States,2013,31.539999999999996,135.13
United States,2014,33.21,138.12
United States,2015,35.23,140.17999999999998
Uruguay,1985,22.190000000000005,156.42000000000002
Uruguay,1986,26.77,145.7
Uruguay,1987,30.6,133.82999999999998
Uruguay,1988,27.09,137.37
Uruguay,1989,30.0,166.45999999999998
Uruguay,1990,30.369999999999997,150.3
Uruguay,1993,43.46000000000001,179.56
Uruguay,1994,32.59,181.41000000000003
Uruguay,1995,45.550000000000004,192.39000000000001
Uruguay,1996,35.940000000000005,151.98999999999998
Uruguay,1997,36.2,197.71
Uruguay,1998,43.150000000000006,220.93
Uruguay,1999,31.369999999999997,212.25000000000003
Uruguay,2000,36.25,238.02
Uruguay,2001,39.650000000000006,196.47
Uruguay,2002,54.43999999999999,277.25
Uruguay,2003,43.58,215.67000000000002
Uruguay,2004,41.17,217.32
Uruguay,2005,45.12,196.19000000000003
Uruguay,2006,46.82,201.29000000000002
Uruguay,2007,48.2,218.10999999999999
Uruguay,2008,40.919999999999995,193.61
Uruguay,2009,37.510000000000005,200.24
Uruguay,2010,45.0,212.43
Uruguay,2012,42.57999999999999,221.76999999999998
Uruguay,2013,46.419999999999995,202.67
Uruguay,2014,44.31,204.32999999999996
Uruguay,2015,46.989999999999995,223.03
Uzbekistan,1990,41.24,88.11999999999999
Uzbekistan,1991,35.67,88.51
Uzbekistan,1992,32.809999999999995,78.48
Uzbekistan,1993,31.18,80.58
Uzbekistan,1994,31.660000000000004,79.19
Uzbekistan,1995,27.14,84.16
Uzbekistan,1996,29.569999999999997,95.49
Uzbekistan,1997,25.229999999999997,85.35
Uzbekistan,1998,25.14,83.16
Uzbekistan,1999,27.12,86.21000000000001
Uzbekistan,2000,31.64,88.67
Uzbekistan,2001,28.69,87.22999999999999
Uzbekistan,2002,24.200000000000003,71.08
Uzbekistan,2003,21.58,60.47999999999999
Uzbekistan,2004,17.12,50.92
Uzbekistan,2005,15.58,52.22999999999999
Uzbekistan,2009,15.92,44.94
Uzbekistan,2010,17.69,45.54
Uzbekistan,2011,20.089999999999996,47.05
Uzbekistan,2012,22.939999999999998,54.589999999999996
Uzbekistan,2013,23.990000000000002,54.870000000000005
Uzbekistan,2014,26.18,58.940000000000005
