country,year,nosuicide,population,suicide_per_100k
Lithuania,1996,1722,3375163,51.01975816
Lithuania,1995,1694,3387149,50.01256219
Lithuania,2000,1631,3315125,49.19874816
Lithuania,1997,1632,3364273,48.50973747
Lithuania,2002,1551,3274488,47.36618366
Lithuania,2001,1533,3294138,46.53721247
Lithuania,1999,1550,3333452,46.49834466
Lithuania,1998,1553,3350973,46.34474823
Lithuania,2003,1455,3254127,44.71245283
Russia,1994,61420,138476200,44.35419227
Estonia,1995,594,1356651,43.7842894
Russia,1995,60548,139087100,43.53243399
Latvia,1995,1024,2374700,43.12123637
Lithuania,2004,1380,3222969,42.81766284
Lithuania,2005,1319,3174728,41.54686638
Russia,2001,56958,137521509,41.41752109
Russia,1996,57511,139272600,41.29383669
Russia,1999,56974,138717800,41.07187398
Hungary,1992,4000,9754956,41.00479797
Russia,2000,56619,138205695,40.96719748
Hungary,1991,3993,9757766,40.92125185
Sri Lanka,1985,5668,13857000,40.90351447
Estonia,1996,545,1342202,40.6049164
Russia,1993,55846,137692800,40.55840247
Russia,2002,55024,136590900,40.28379636
Russia,1997,54746,139283200,39.30553003
Estonia,1997,522,1331234,39.21173888
Latvia,1996,922,2363400,39.01159347
Lithuania,2013,1085,2806627,38.65850361
Sri Lanka,1986,5345,14101400,37.9040379
Hungary,1993,3694,9747902,37.89533379
Lithuania,2009,1138,3016497,37.72587873
Latvia,1997,886,2354700,37.62687391
Russia,2003,51445,137019868,37.54564995
Belarus,1996,3627,9684800,37.4504378
Hungary,1994,3625,9740817,37.21453755
Russia,1998,51518,139122100,37.03078088
Belarus,2003,3456,9420691,36.68520706
Belarus,1998,3556,9694800,36.67945703
Belarus,2000,3483,9543479,36.49612474
Lithuania,2008,1111,3053756,36.38142668
Belarus,1997,3526,9692100,36.38014465
Estonia,1998,477,1321719,36.08936544
Russia,2004,49096,137071699,35.81775112
Latvia,1998,839,2344100,35.7919884
Estonia,1999,468,1313198,35.63819013
Belarus,1999,3397,9563200,35.52158273
Lithuania,2011,1018,2879805,35.34961569
Hungary,1996,3436,9737250,35.2871704
Sri Lanka,1997,5887,16775409,35.0930341
Hungary,1999,3326,9553064,34.81605483
Belarus,2002,3291,9469234,34.75465914
Belarus,2001,3303,9513587,34.71876591
Hungary,1995,3366,9737248,34.5682887
Lithuania,2010,1018,2949737,34.51155137
Hungary,2000,3269,9527034,34.31288269
Latvia,2000,770,2272107,33.88924905
Russia,2005,45802,136162191,33.63782535
Lithuania,2016,822,2445296,33.61556229
Lithuania,2006,1049,3125767,33.55976309
Lithuania,2014,930,2781577,33.43427128
Hungary,1998,3245,9734373,33.33548036
South Korea,2011,15906,47798017,33.27753116
Russia,1992,45923,138118900,33.24888918
Lithuania,2007,1025,3087867,33.19443486
Belarus,1995,3203,9673600,33.11073437
Sri Lanka,1999,5619,17020287,33.01354437
Kazakhstan,1996,4773,14487700,32.94518799
Hungary,1997,3208,9737781,32.94385035
Latvia,1999,763,2333400,32.69906574
South Korea,2010,15558,47598615,32.685825
Lithuania,2012,927,2837770,32.66649517
Belarus,1994,3153,9653900,32.6603756
Sri Lanka,1998,5518,16897691,32.65534918
Slovenia,1998,612,1880300,32.54799766
Lithuania,2015,896,2753926,32.53536951
South Korea,2009,15402,47380017,32.50737542
Finland,1990,1512,4675100,32.34155419
Kazakhstan,1997,4642,14394600,32.24820419
Kazakhstan,2000,4428,13772422,32.15120768
Slovenia,1996,607,1893100,32.06381068
Kazakhstan,2001,4377,13772696,31.78027018
Finland,1991,1493,4698500,31.77609875
Kazakhstan,2004,4394,13873328,31.67228512
Suriname,2008,147,464789,31.62725452
Latvia,2001,708,2242227,31.57575036
Russia,2006,42614,135357462,31.48256429
Slovenia,1997,593,1883900,31.47725463
Ukraine,1996,15160,48174500,31.46893066
Kazakhstan,1995,4706,14989600,31.3951006
Slovenia,1999,590,1884400,31.3097007
Kazakhstan,2003,4321,13811863,31.2847007
Slovenia,2000,588,1886483,31.16911205
Kazakhstan,1998,4313,13844200,31.1538406
Ukraine,1997,14903,47923000,31.09780273
Ukraine,1998,14789,47675400,31.02019071
Kazakhstan,2002,4240,13777476,30.77486762
Finland,1992,1451,4720900,30.73566481
Guyana,2013,210,683867,30.70772533
Ukraine,2000,14467,47125400,30.69894367
Hungary,2001,2978,9704598,30.6864849
Sri Lanka,2000,5252,17140342,30.64116224
Slovenia,2001,581,1901330,30.55755708
Russia,2007,41149,134778964,30.53072882
Guyana,2010,205,671825,30.51389871
Finland,1989,1413,4654300,30.35902284
Guyana,2012,206,679356,30.32283516
Ukraine,1999,14363,47415400,30.29184611
Finland,1988,1402,4633600,30.25725138
Latvia,2002,670,2214484,30.2553552
Estonia,2001,401,1325610,30.25022442
Guyana,2006,201,668408,30.07145336
Austria,1986,2139,7119149,30.04572597
Ukraine,1995,14541,48415300,30.03389424
Slovenia,1995,564,1884000,29.93630573
Belarus,1993,2885,9641100,29.92397133
Belarus,2009,2743,9169969,29.91286012
South Korea,2013,14426,48248224,29.89954615
Guyana,2001,197,660426,29.82923144
Guyana,2003,198,664705,29.78765016
Finland,1987,1363,4614100,29.5398886
South Korea,2012,14159,48020985,29.48502618
Finland,1993,1397,4741000,29.46635731
Slovenia,2003,562,1907589,29.46127284
Sri Lanka,1996,4898,16654427,29.40959782
Austria,1985,2091,7110115,29.40880703
Hungary,2002,2839,9680164,29.32801552
Kazakhstan,2007,4141,14125606,29.31555644
Finland,1994,1387,4761600,29.12886425
Kazakhstan,2006,4076,14037676,29.0361453
Finland,1995,1388,4781300,29.02976178
Austria,1987,2069,7130006,29.0182084
Hungary,2003,2800,9652533,29.00792984
Kazakhstan,1999,3991,13773400,28.97614242
Belarus,2008,2658,9205746,28.87327111
Belarus,2007,2659,9244456,28.7631852
Russia,1990,39028,136398200,28.61328082
Russia,1991,39281,137283000,28.61315676
Suriname,2010,136,476052,28.56830766
South Korea,2014,13834,48465917,28.54377025
Hungary,2004,2742,9630044,28.47339015
Ukraine,1994,13826,48619000,28.43744215
Russia,2008,38211,134385949,28.43377621
Guyana,2011,192,675283,28.43252385
Slovenia,2002,540,1906124,28.3297414
Estonia,2000,377,1334175,28.25716267
Estonia,2002,371,1316690,28.17671586
Kazakhstan,2008,3997,14216053,28.11610227
Ukraine,2001,13131,46805969,28.05411421
Russia,1989,37921,135443800,27.99759014
Kazakhstan,2005,3903,13947770,27.98296789
Guyana,2004,186,666308,27.91501828
Russia,2009,37408,134085433,27.89863087
Suriname,2009,131,470448,27.84579805
South Korea,2015,13510,48671752,27.75737352
Guyana,2007,185,668788,27.66197958
Latvia,2003,604,2190211,27.57725169
Slovenia,2006,529,1918570,27.57261919
Finland,1997,1322,4823200,27.40918892
Belarus,2010,2459,8981193,27.37943612
Suriname,2012,133,486964,27.31208056
South Korea,2008,12858,47101747,27.29835053
Hungary,2005,2619,9608943,27.25585946
Ukraine,2002,12536,46060017,27.21666386
Ukraine,2003,12313,45697383,26.9446502
Slovenia,2004,512,1907862,26.83632254
Kazakhstan,2009,3838,14370635,26.70724015
Suriname,2013,131,492359,26.60660209
Sri Lanka,2001,4590,17266961,26.58255845
Guyana,2002,176,662839,26.5524509
Japan,2003,31881,120395000,26.48033556
Austria,1989,1898,7177666,26.44313625
Kazakhstan,1994,4024,15229600,26.42223039
Latvia,2005,564,2137831,26.38187958
Suriname,2011,127,481521,26.37475832
Japan,1998,31458,119338000,26.36042166
Slovenia,2005,503,1911817,26.31004955
Kazakhstan,1993,4019,15331400,26.21417483
Estonia,2003,342,1307160,26.1635913
Hungary,2010,2489,9514005,26.16143254
Japan,1999,31115,119540000,26.02894429
South Korea,2005,12011,46151884,26.02493974
Latvia,2004,563,2163477,26.02292513
South Korea,2007,12174,46814207,26.00492624
Finland,1996,1247,4802200,25.967265
Suriname,2007,119,459086,25.92106925
Hungary,2008,2476,9552784,25.91914566
Austria,1988,1851,7144410,25.90836752
Hungary,2009,2460,9534237,25.80175005
Suriname,2014,128,497701,25.71825253
Hungary,2006,2461,9591110,25.65917813
Ukraine,1993,12469,48680500,25.6139522
Hungary,2007,2450,9572938,25.59297887
Sri Lanka,2003,4467,17524596,25.48988861
Latvia,2008,527,2067529,25.48936436
Hungary,2011,2420,9495011,25.48706895
Latvia,2009,516,2030316,25.41476302
Japan,2007,30665,120704000,25.40512328
Finland,1998,1228,4844673,25.34742799
Japan,2009,30523,120496000,25.33113132
Belarus,1992,2424,9570900,25.32677178
Guyana,2005,169,667709,25.31042715
Austria,1990,1825,7231353,25.23732419
Sri Lanka,2002,4382,17395955,25.18976394
Japan,2005,30369,120657507,25.16959015
South Korea,2004,11492,45779970,25.10268137
Guyana,2008,168,669253,25.10261441
Japan,2000,29989,119752660,25.04245
Japan,2008,30073,120602000,24.93573904
Japan,2004,30034,120500000,24.92448133
Estonia,2004,323,1297650,24.89114939
Hungary,2012,2349,9453181,24.84877842
Ukraine,2004,11256,45322826,24.83516805
Finland,1999,1207,4864255,24.81366622
Guyana,1999,163,657094,24.80619211
Suriname,1985,80,322700,24.79082739
Russia,2010,33356,134865987,24.73270002
Japan,2002,29715,120189000,24.72356039
Suriname,2006,112,453293,24.70808065
Japan,2006,29769,120702000,24.66322016
Belgium,1985,2281,9269600,24.60731855
Finland,2001,1204,4898983,24.57652946
Kazakhstan,2010,3609,14713167,24.52904939
Croatia,1998,1029,4227900,24.33832399
France,1985,12501,51382600,24.32924764
Japan,2010,29411,121127267,24.2810729
Belarus,2011,2172,8947320,24.27542549
France,1986,12529,51637600,24.2633275
Japan,2001,29132,120066000,24.26332184
Austria,1991,1769,7299728,24.23377967
Belgium,1987,2238,9291300,24.08704918
Ukraine,1992,11666,48487300,24.05990847
South Korea,2003,10898,45455888,23.97489188
Austria,1995,1788,7477030,23.91323828
Finland,2000,1165,4881820,23.8640507
Austria,1992,1759,7375368,23.8496574
Austria,1994,1776,7462552,23.79882914
Japan,2011,28766,120927000,23.7879051
Austria,1996,1779,7493706,23.73992254
Cuba,1993,2374,10004200,23.73003339
Croatia,1996,1001,4220800,23.71588324
Belgium,1986,2202,9287100,23.71030785
Ukraine,2005,10621,44939270,23.63411778
France,1987,12161,51900800,23.43123805
Guyana,2009,156,670155,23.27819684
Cuba,1992,2299,9915600,23.1856872
Croatia,1999,989,4283800,23.08697885
Kazakhstan,2013,3512,15215382,23.08190488
Russia,2011,31038,134745874,23.03447154
Latvia,2006,487,2115215,23.02366426
Slovenia,2009,447,1942037,23.01706919
Latvia,2012,444,1931521,22.98706563
Austria,1993,1704,7433569,22.92304006
South Korea,2006,10653,46513964,22.90279968
Kazakhstan,2011,3401,14853350,22.89719154
Slovenia,2013,446,1948276,22.89203378
Belarus,1991,2169,9476200,22.88892172
Ukraine,1989,10887,47761700,22.79441477
France,1993,12251,53945400,22.70999937
Ukraine,2007,10032,44198672,22.69751453
Belgium,1993,2142,9462900,22.63576705
Belgium,1995,2155,9527100,22.6196849
Slovenia,2012,440,1945988,22.61062247
Cuba,1994,2278,10089300,22.57837511
Latvia,2011,440,1953611,22.52239571
Slovenia,2007,434,1927332,22.51817538
Croatia,2000,926,4118000,22.486644
Ukraine,2006,10013,44560034,22.47080871
Sri Lanka,2006,4015,17891558,22.44075111
Belgium,1994,2131,9497400,22.4377198
Japan,1986,25484,113679000,22.41750895
Belgium,1997,2146,9576223,22.40967028
Slovenia,2011,435,1944561,22.37008764
France,1989,11715,52417900,22.34923566
Ukraine,2009,9715,43557944,22.30362388
Belgium,2001,2165,9710055,22.29647515
Finland,2002,1095,4915614,22.27595576
France,1988,11599,52157600,22.23836986
Ukraine,1991,10700,48200600,22.19889379
France,1994,12041,54247100,22.19657825
Ukraine,1990,10645,47971600,22.19021254
Hungary,2013,2092,9433840,22.17548739
Belarus,1990,2085,9408800,22.16010543
Belgium,2000,2143,9674025,22.15210318
Kazakhstan,1992,3356,15150100,22.15166897
Latvia,2010,438,1987906,22.03323497
Croatia,1997,946,4295100,22.02509837
Uruguay,2002,675,3065257,22.02099204
Russia,2012,29643,134668522,22.01182545
Serbia,1999,1571,7162831,21.9326688
Cuba,1995,2222,10168400,21.85201212
Japan,2012,26338,120735000,21.81471818
Finland,2003,1075,4929856,21.80591076
France,1992,11644,53622300,21.71484625
France,1995,11819,54528500,21.67490395
Latvia,2007,453,2093878,21.63449829
Slovenia,2015,422,1954632,21.5897417
France,1991,11502,53282900,21.58666289
Serbia,2000,1543,7149140,21.58301558
Japan,2013,25991,120514000,21.56678892
Kazakhstan,2012,3240,15023549,21.56614259
Ukraine,2008,9454,43856123,21.55685308
France,1990,11403,52952900,21.53423136
Switzerland,1996,1432,6652200,21.52671297
Finland,2004,1064,4944765,21.5177061
Kazakhstan,1990,3172,14773900,21.47029559
Switzerland,1995,1419,6617500,21.44314318
Belgium,1988,1996,9319300,21.41791765
Estonia,2009,269,1259010,21.36599392
Montenegro,2008,126,589953,21.35763357
Belarus,2013,1902,8910240,21.34622636
Belgium,2003,2091,9804122,21.32776398
Finland,2006,1062,4979740,21.32641463
Russia,2013,28690,134713962,21.29697588
Slovenia,2010,414,1944774,21.28782059
Belgium,2002,2076,9758570,21.27360874
Luxembourg,1991,77,362900,21.21796638
Ukraine,1987,10050,47374200,21.21407855
Austria,1997,1592,7512589,21.1910967
Estonia,2005,273,1288495,21.18750946
Luxembourg,1987,74,349400,21.17916428
Ukraine,2012,9058,42915935,21.10637925
Croatia,2001,881,4180633,21.07336377
Belgium,1996,2013,9557545,21.06189403
Ukraine,2010,9089,43296809,20.99230916
Slovenia,2008,408,1943758,20.99026731
Hungary,2016,1761,8390370,20.98834736
Belgium,1998,2019,9620997,20.9853511
Austria,2000,1588,7592073,20.91655336
Ukraine,2011,8973,43074791,20.8312096
Switzerland,2002,1446,6942010,20.82970206
Croatia,2002,874,4217300,20.72416001
Austria,1998,1559,7533519,20.69418024
Japan,1987,23663,114416000,20.68154804
Croatia,1995,929,4497400,20.65637924
Latvia,2015,387,1875522,20.63425542
Croatia,2005,874,4235875,20.6332812
Luxembourg,1997,81,392600,20.63168619
Japan,1985,23257,112809200,20.61622634
Kazakhstan,1991,3082,14952800,20.61152426
Montenegro,2007,121,587244,20.60472308
Croatia,2004,871,4229600,20.59296387
France,1996,11279,54791600,20.5852722
Finland,2008,1033,5020096,20.57729573
Czech Republic,1990,1997,9710900,20.56452028
Austria,1999,1555,7561609,20.56440633
Czech Republic,1992,1991,9681900,20.56414547
Luxembourg,1989,73,355400,20.54023635
Belgium,1989,1920,9349200,20.53651649
Serbia,2006,1443,7031811,20.52102936
Ukraine,1988,9751,47549900,20.50687804
Finland,2009,1034,5042316,20.50644981
Belgium,2005,2029,9901014,20.49285053
Denmark,1994,999,4874900,20.49272806
Croatia,2003,865,4225600,20.47046573
Hungary,2014,1925,9412788,20.45090148
Switzerland,1998,1371,6725167,20.38611086
Serbia,2005,1437,7058982,20.35704298
Serbia,1998,1460,7179002,20.33708864
Luxembourg,2002,85,418106,20.32977283
Switzerland,2000,1380,6809589,20.26554026
Serbia,2002,1446,7138113,20.2574546
Japan,2014,24357,120274000,20.25125962
France,1997,11139,55045500,20.23598659
Montenegro,2005,118,583232,20.23208603
Belgium,1990,1895,9369700,20.22476707
Kazakhstan,2014,3119,15428844,20.2153836
Austria,2002,1553,7683162,20.21303208
Serbia,2001,1442,7142410,20.18926385
Belgium,2004,1987,9848022,20.17664055
Latvia,2014,382,1894041,20.168518
Belgium,2011,2088,10355126,20.16392654
Switzerland,1997,1341,6675200,20.08928571
Sweden,1988,1590,7930900,20.04816603
Finland,2005,994,4961784,20.03311712
Latvia,2013,383,1912464,20.02652076
Cuba,1998,2056,10307978,19.94571583
Belgium,1992,1878,9428100,19.91917778
Finland,2007,995,4998853,19.90456611
Hungary,2015,1868,9389519,19.89452282
Slovenia,2014,388,1951786,19.87922856
Sweden,1989,1579,7964800,19.82472881
Cuba,1999,2050,10350039,19.80668865
Belgium,2008,1999,10100850,19.79041368
Belgium,2009,2013,10173366,19.78696137
Cuba,1997,2029,10260492,19.77488019
Estonia,2007,251,1270415,19.75732339
Czech Republic,1993,1917,9703400,19.75596183
South Korea,1998,8569,43395700,19.74619605
Uruguay,2015,630,3190795,19.7442957
Belgium,2010,2013,10211171,19.71370375
Serbia,2009,1373,6968240,19.70368414
Russia,2014,26541,134713962,19.70174406
Japan,1988,22676,115101000,19.70095829
Czech Republic,1991,1904,9667500,19.69485389
Ukraine,2014,7968,40464165,19.6914974
Cuba,1996,2014,10241600,19.66489611
France,2000,10849,55267624,19.62993741
Luxembourg,1994,74,377000,19.62864721
Luxembourg,1988,69,352300,19.58558047
Japan,1997,23280,119060000,19.55316647
Belarus,2014,1741,8906977,19.54647463
Mongolia,2016,423,2167589,19.51476964
Austria,2001,1489,7634560,19.50341604
Switzerland,2001,1338,6865842,19.48777732
Sweden,1987,1541,7909000,19.484132
Belgium,2006,1935,9962702,19.42244182
Estonia,2014,241,1241852,19.40649933
Belgium,2012,2026,10442637,19.40122979
Serbia,2003,1378,7111975,19.37577115
Estonia,2006,247,1278915,19.31324599
Serbia,2007,1353,7009610,19.30207244
France,2003,10871,56360402,19.28836491
Czech Republic,1994,1872,9723700,19.25193085
Iceland,2000,50,259723,19.25127925
Belgium,1999,1857,9648277,19.24695985
Belgium,1991,1805,9396600,19.20907562
Japan,2015,23092,120376310,19.18317649
Bulgaria,1996,1526,7963300,19.16290985
Switzerland,1999,1296,6764328,19.15933113
Croatia,2016,683,3567043,19.14751238
Estonia,2008,242,1264005,19.14549389
Croatia,2012,776,4054296,19.14019105
South Korea,2002,8611,45110041,19.08887647
France,1998,10534,55280700,19.05547506
France,2002,10643,55935517,19.0272667
Bulgaria,1998,1503,7899500,19.02652067
France,2004,10804,56813922,19.01646572
Uruguay,2012,599,3151939,19.00417489
Serbia,2004,1345,7086364,18.98011448
Luxembourg,1990,68,358800,18.95206243
Estonia,2012,237,1251631,18.93529323
Switzerland,2007,1360,7183595,18.93202498
Denmark,1995,924,4889100,18.8991839
Bulgaria,1992,1519,8041500,18.88951066
Austria,2003,1456,7722033,18.85513828
Finland,2010,954,5063494,18.84074515
France,2001,10449,55511272,18.82320405
Croatia,2006,796,4234946,18.79598937
Kiribati,1993,12,63848,18.79463726
Ukraine,2015,7574,40345446,18.77287464
Croatia,2008,793,4225583,18.76664119
France,2005,10713,57160687,18.7419021
Croatia,2009,790,4216050,18.73791819
France,1999,10268,55043393,18.65437329
Uruguay,2007,576,3087957,18.65310948
Uruguay,2014,591,3177645,18.59867921
Germany,1990,13924,74958800,18.5755375
Luxembourg,1996,72,387700,18.5710601
Russia,2015,25432,137018943,18.56093723
Germany,1991,14010,75495900,18.55729914
Belgium,2007,1857,10030266,18.51396563
Japan,1996,21967,118785000,18.49307573
Croatia,2015,739,4001669,18.46729452
Bulgaria,1997,1465,7933900,18.46506762
Croatia,2010,776,4203963,18.45877331
Serbia,2008,1289,6988532,18.44450308
Sweden,1991,1483,8041100,18.44275037
Switzerland,2006,1309,7118477,18.3887649
Sweden,1990,1471,8005700,18.37440823
Bulgaria,1993,1470,8001000,18.37270341
Switzerland,2005,1299,7071991,18.36823605
Kazakhstan,2015,2872,15646752,18.35524715
Croatia,2007,775,4230855,18.31781047
Bulgaria,1994,1464,7995500,18.31029954
Austria,2004,1422,7773105,18.29384783
Switzerland,2004,1284,7023166,18.282353
Switzerland,2003,1269,6969293,18.20844668
Serbia,2011,1256,6900027,18.20282732
Uruguay,2000,555,3050169,18.19571309
Japan,1989,21013,115766000,18.15127067
Denmark,1996,892,4917300,18.1400362
Serbia,2012,1243,6867174,18.10060441
Montenegro,2009,107,592234,18.0671829
Switzerland,2008,1314,7274875,18.06216602
Mauritius,1988,167,925000,18.05405405
France,2006,10423,57824447,18.02524804
Belgium,2013,1895,10526149,18.00278525
Japan,1995,21249,118349500,17.95444848
Belgium,2014,1899,10578848,17.95091488
Bulgaria,1995,1433,7983900,17.9486216
Norway,1988,708,3946600,17.93949222
Finland,2011,912,5085985,17.93162976
Croatia,2014,722,4030452,17.91362358
Poland,2009,6477,36223402,17.88070596
Austria,2005,1399,7827461,17.87297311
France,2009,10499,58770727,17.86433576
Bulgaria,1987,1492,8375400,17.81407455
Czech Republic,1995,1733,9744300,17.78475622
Estonia,2010,223,1254225,17.77990392
Cuba,2000,1845,10397209,17.7451468
France,2008,10353,58482967,17.70259023
Japan,1992,20756,117311000,17.69314046
Poland,2012,6368,36013446,17.68228456
Germany,1992,13458,76131700,17.6772619
Bulgaria,2000,1383,7829095,17.66487697
Suriname,2003,77,435946,17.66273805
Poland,2010,6357,36027791,17.64471211
Luxembourg,2001,73,413930,17.63583215
Czech Republic,2003,1719,9748550,17.63339163
France,2010,10379,59056283,17.57476
Belgium,2015,1867,10624356,17.57282983
Japan,1994,20744,118064000,17.57013145
France,2011,10408,59344643,17.53823003
Estonia,2013,218,1243096,17.53685958
Serbia,2013,1197,6832840,17.51833791
Uruguay,2010,547,3127306,17.49109297
Bulgaria,2002,1317,7544410,17.45663345
Uruguay,2003,535,3065772,17.45074324
Estonia,2011,218,1249427,17.44799816
France,2007,10127,58167011,17.41021212
Serbia,2010,1207,6944871,17.37973247
Bulgaria,1989,1460,8403200,17.37433359
Bulgaria,1985,1456,8392500,17.34882335
Luxembourg,1999,70,403890,17.33145163
Bulgaria,2001,1314,7591926,17.30786101
Bulgaria,1988,1452,8389800,17.3067296
Japan,1993,20353,117735000,17.28712787
Uruguay,1998,521,3014887,17.28091302
Finland,2013,887,5135433,17.27215602
Poland,2013,6218,36023694,17.2608617
Luxembourg,2007,78,452012,17.25617904
Uruguay,2013,546,3164670,17.25298372
Japan,1990,20002,116251400,17.2058143
Luxembourg,1993,64,372000,17.20430108
Uruguay,2006,528,3077445,17.15708973
Iceland,1990,40,233300,17.14530647
Croatia,2013,692,4044457,17.10983699
Finland,2012,873,5110450,17.08264439
Czech Republic,1997,1666,9786700,17.02310278
Norway,1991,675,3972600,16.99139103
Poland,2011,6113,36008237,16.9766712
Suriname,2001,72,424515,16.96053143
Uruguay,2004,520,3066489,16.95750417
Japan,1991,19780,116802000,16.93464153
Sweden,1993,1373,8112500,16.92449923
Uruguay,2008,523,3100791,16.86666402
Czech Republic,2000,1649,9819742,16.79270189
Sweden,1992,1355,8073200,16.78392707
Bulgaria,1986,1408,8391500,16.77888339
Croatia,2011,702,4189029,16.75806016
Czech Republic,2012,1658,9923127,16.70844281
Poland,2004,6072,36371596,16.69434577
Mauritius,1999,174,1042400,16.69224866
Norway,1989,660,3955800,16.6843622
Serbia,2014,1134,6801810,16.67203289
Iceland,1986,37,222300,16.64417454
Norway,1990,659,3961300,16.63595284
Poland,2005,6045,36371365,16.62021758
Germany,1995,12888,77547500,16.61949128
Bulgaria,1999,1307,7866600,16.61454758
Denmark,1997,817,4937300,16.54750572
Germany,1993,12690,76793400,16.5248576
Norway,1987,649,3929500,16.5160962
Czech Republic,2001,1623,9838083,16.49711636
Luxembourg,1995,63,382100,16.48783041
Germany,1994,12718,77163400,16.48190723
Austria,2006,1297,7869269,16.48183586
Poland,2014,5934,36059630,16.45607567
Czech Republic,1998,1613,9808300,16.44525555
Bulgaria,1991,1384,8431900,16.4138569
Uruguay,2009,511,3114306,16.40815
Czech Republic,1999,1610,9819215,16.39642273
New Zealand,1998,574,3502800,16.38689049
Sweden,1995,1348,8233000,16.37313252
France,2012,9743,59638457,16.33677411
Trinidad and Tobago,2008,199,1219336,16.32035797
Iceland,2013,49,300456,16.30854435
Uruguay,2001,499,3061024,16.30173432
Poland,2002,5925,36347498,16.30098446
Austria,2007,1285,7897272,16.27144158
Czech Republic,2004,1583,9746647,16.24148284
Uruguay,2005,498,3070178,16.2205579
Slovakia,1992,796,4909228,16.21436201
Singapore,1989,394,2431100,16.20665542
Sweden,1994,1324,8174100,16.19750187
New Zealand,1997,562,3470200,16.19503199
Trinidad and Tobago,1989,173,1070000,16.1682243
Kiribati,1991,10,61855,16.16684181
New Zealand,1995,545,3373800,16.15389175
South Korea,1999,7075,43817300,16.1465905
Austria,2014,1314,8141165,16.14019615
Poland,2001,5855,36295390,16.13152524
Poland,2000,5841,36233344,16.12051043
Austria,2011,1288,7995146,16.10977461
Suriname,2005,72,447445,16.09136318
Luxembourg,1998,64,397915,16.083837
Austria,2009,1278,7946894,16.08175471
Luxembourg,1992,59,367300,16.06316363
Czech Republic,1996,1568,9763900,16.05915669
Poland,2003,5836,36353775,16.05335347
Czech Republic,2011,1590,9906318,16.05036301
Austria,2016,1201,7484629,16.04621953
Poland,1992,5713,35605400,16.04531897
Suriname,2002,69,430176,16.03994644
Guyana,1991,105,654620,16.03983991
Czech Republic,2005,1565,9761733,16.0319894
France,2013,9600,59910069,16.0240176
Trinidad and Tobago,1995,184,1149173,16.01151437
Austria,2008,1267,7925258,15.98686125
Austria,2013,1291,8079615,15.97848412
Poland,2006,5805,36348232,15.97051543
Iceland,1987,36,225600,15.95744681
Luxembourg,1985,55,344800,15.9512761
Austria,2012,1276,8031276,15.88788631
Czech Republic,2013,1577,9936780,15.87033224
Austria,2010,1264,7968421,15.86261569
New Zealand,1988,484,3055200,15.84184341
Cuba,2001,1652,10433428,15.83372215
Poland,1999,5779,36575200,15.80032372
New Zealand,1996,540,3432500,15.73197378
Czech Republic,2002,1534,9752463,15.72935986
Bulgaria,1990,1323,8418500,15.71538873
Poland,1993,5624,35792600,15.71274509
Germany,1997,12256,78067900,15.6991542
Suriname,1991,57,363079,15.69906274
Germany,1996,12225,77882500,15.69672263
Serbia,2015,1062,6766406,15.69518589
Iceland,1991,37,235900,15.68461212
Estonia,2015,195,1243450,15.68217459
Poland,2008,5682,36262711,15.66898845
Suriname,1987,52,332013,15.66203733
Mauritius,1990,147,941100,15.62001913
Trinidad and Tobago,1990,170,1088500,15.61782269
Canada,1986,3670,23499100,15.6176194
Iceland,2010,46,294620,15.61333243
Kyrgyzstan,1995,605,3905400,15.49137092
South Korea,2001,6911,44710865,15.45709304
Norway,1992,616,3989800,15.43937039
Mauritius,1989,144,932900,15.43573802
New Zealand,1994,512,3319500,15.42400964
Kiribati,1994,10,64871,15.41520864
Mauritius,1992,146,948300,15.39597174
Denmark,1998,763,4956400,15.39423775
Mauritius,1996,153,995000,15.37688442
Australia,1997,2646,17221300,15.36469372
Mauritius,1987,140,911300,15.36266872
Poland,1994,5519,35960000,15.34760845
Cuba,2002,1606,10479415,15.32528295
Denmark,1999,762,4976200,15.31288935
Singapore,1988,366,2393400,15.29205315
Finland,2014,789,5159944,15.29086362
Iceland,1988,35,229200,15.27050611
Uruguay,1997,456,2991662,15.24236361
Suriname,1989,53,347723,15.24201735
New Zealand,1992,493,3235600,15.23674125
Poland,1995,5499,36104900,15.23061967
Austria,2015,1251,8219386,15.22011498
New Zealand,1987,463,3047100,15.19477536
New Zealand,1989,465,3063800,15.17723089
Suriname,2004,67,441717,15.16808273
Trinidad and Tobago,1993,174,1148300,15.15283463
Sweden,1996,1253,8274300,15.14327496
Trinidad and Tobago,2001,179,1183354,15.12649638
Luxembourg,2000,62,410164,15.11590486
Australia,1998,2632,17421730,15.10756968
Mauritius,1998,155,1026300,15.10279645
Czech Republic,2010,1502,9945273,15.10265229
Canada,1987,3591,23798100,15.08943991
Kyrgyzstan,1994,581,3851100,15.08659863
Poland,1996,5446,36243300,15.02622554
Poland,2015,5420,36086575,15.0194359
Poland,1991,5316,35396300,15.01851888
Switzerland,2009,1105,7364558,15.00429489
Mauritius,1995,147,981900,14.97097464
Trinidad and Tobago,1988,164,1095600,14.96896678
Guyana,1995,99,661682,14.9618699
Slovakia,1993,738,4935260,14.95361946
Czech Republic,2014,1489,9963127,14.94510709
Germany,1998,11654,78071100,14.92741872
Iceland,2016,40,268773,14.88244727
Uruguay,1999,450,3034833,14.82783402
Romania,2002,3067,20700580,14.81600999
Norway,1986,579,3911700,14.8017486
New Zealand,1991,474,3203900,14.79446924
Czech Republic,2016,1318,8929942,14.75933438
Sweden,1998,1231,8346300,14.74905048
Luxembourg,1986,51,346000,14.73988439
France,2014,8881,60275954,14.73390201
Czech Republic,2009,1464,9937407,14.73221334
New Zealand,1990,455,3089400,14.72777886
USA,2015,44189,300078511,14.72581287
Slovakia,2003,753,5113982,14.7243381
Norway,1993,590,4010500,14.71138262
Slovakia,1995,735,5005232,14.684634
Kyrgyzstan,1993,563,3841200,14.65687806
Trinidad and Tobago,1998,171,1167924,14.64136365
Kyrgyzstan,1990,547,3737300,14.63623471
Luxembourg,2006,65,444821,14.61261946
Mauritius,1991,137,938100,14.60398678
Canada,1988,3510,24080600,14.57604877
Bulgaria,2003,1092,7493166,14.57327917
Denmark,2000,728,4998610,14.56404881
Sweden,1999,1220,8378013,14.56192536
South Korea,2000,6444,44271743,14.55555974
Poland,2007,5284,36310843,14.55212703
Iceland,1985,32,220100,14.53884598
New Zealand,1999,516,3549300,14.53807793
Cuba,2010,1558,10725848,14.52565802
Uruguay,1995,427,2943816,14.50498265
Denmark,2001,727,5018451,14.48654176
Iceland,2014,44,304472,14.45124675
Sweden,1997,1201,8311300,14.45020635
Ireland,1998,498,3449415,14.43723066
Uruguay,1993,418,2896228,14.43256539
Suriname,1988,49,339611,14.42827235
Luxembourg,2004,62,430128,14.41431388
Mauritius,1993,138,958300,14.40050089
Trinidad and Tobago,1992,163,1132600,14.3916652
Australia,1987,2164,15046500,14.38208221
Guyana,1989,94,654104,14.37080342
Canada,1995,3968,27618500,14.36718142
USA,2014,42769,297749735,14.3640766
Canada,1989,3491,24368400,14.3259303
Cuba,2004,1515,10578701,14.32122904
Czech Republic,2006,1400,9780319,14.31446152
Kyrgyzstan,1991,543,3796500,14.30264718
Australia,1991,2288,16012100,14.2891938
Germany,1999,11160,78141200,14.28183852
Sweden,2005,1219,8538624,14.27630494
Slovakia,2000,729,5111813,14.26108506
Australia,1996,2426,17015100,14.25792384
Germany,2001,11167,78421514,14.23971488
Cuba,2003,1499,10531074,14.23406578
Cuba,2011,1529,10748034,14.22585749
Canada,1996,3941,27706600,14.2240477
Germany,2002,11176,78633771,14.21272293
Canada,1999,4074,28681643,14.2042072
Australia,1988,2172,15312100,14.18486034
Sweden,2009,1242,8755922,14.18468552
Sweden,2001,1197,8439317,14.18361225
Germany,2003,11155,78756461,14.16391729
Germany,2000,11073,78242066,14.15223366
Canada,1991,3593,25390400,14.15101771
Poland,1990,4970,35164800,14.13345163
Suriname,1995,55,389414,14.123786
New Zealand,2001,508,3599090,14.11467899
Canada,1993,3803,26944700,14.11409294
Finland,2015,731,5181797,14.10707521
Australia,1999,2488,17641702,14.10294766
Singapore,1990,354,2511800,14.09347878
Trinidad and Tobago,2000,166,1178363,14.08733981
Czech Republic,2007,1379,9818295,14.04520846
Slovakia,2002,717,5107584,14.03794827
South Korea,1997,6024,42956100,14.02361946
Canada,1992,3708,26454400,14.01657191
Norway,1999,583,4159745,14.01528219
Romania,2003,2894,20656841,14.0098866
Trinidad and Tobago,2004,168,1200116,13.9986468
Seychelles,1985,8,57300,13.96160558
Sweden,2006,1197,8576044,13.95748436
Cuba,2015,1511,10832068,13.94932159
Switzerland,2013,1071,7681318,13.94291969
Sweden,2002,1180,8465828,13.93838854
USA,2013,41143,295322862,13.93153233
Australia,1990,2202,15807000,13.9305371
Czech Republic,2008,1379,9899594,13.92986419
New Zealand,2003,519,3729420,13.91637306
Sweden,2016,1130,8125852,13.90623408
Uruguay,1994,406,2920296,13.90270027
Australia,1992,2251,16203500,13.89206036
Slovakia,1994,691,4974858,13.88984369
Cuba,2013,1499,10792690,13.88903045
Czech Republic,2015,1387,9989325,13.88482205
Cuba,2012,1495,10770535,13.88046183
Canada,1985,3258,23499900,13.86388878
USA,2012,40596,292827128,13.86346964
USA,1986,30892,222953000,13.85583509
Australia,1986,2044,14809800,13.80167187
Australia,1994,2283,16549400,13.79506206
Cuba,2009,1477,10708230,13.79312921
Singapore,1985,324,2350500,13.78430121
Chile,2009,2148,15584149,13.78323577
South Korea,1996,5857,42507100,13.77887459
Trinidad and Tobago,1997,160,1162267,13.76620002
Canada,1994,3748,27246000,13.75614769
Switzerland,2011,1034,7518040,13.75358471
Singapore,1986,326,2379300,13.70150885
New Zealand,1986,414,3026100,13.68097551
Canada,1990,3378,24704400,13.67367756
USA,1987,30783,225148000,13.67233997
Switzerland,2012,1038,7595591,13.66582271
Ireland,2001,488,3573974,13.65426833
Iceland,2001,36,263738,13.64991014
Ireland,1997,466,3414285,13.64853842
Denmark,2002,688,5041222,13.64748468
Sweden,2013,1230,9024081,13.6301968
Germany,2004,10741,78811814,13.6286674
Guyana,1990,89,653426,13.62051709
Australia,2015,3027,22240785,13.61013112
USA,2011,39508,290313825,13.60872153
Bulgaria,2004,1013,7447563,13.60176477
Switzerland,2015,1073,7892502,13.59518186
Romania,2010,2766,20348649,13.59304001
Slovakia,1999,692,5098200,13.57341807
Slovakia,2001,692,5100256,13.56794639
Sweden,2004,1155,8514314,13.56539118
Australia,2001,2458,18130883,13.556979
Chile,2008,2088,15415661,13.54466734
New Zealand,1993,443,3273200,13.53415618
Switzerland,2010,1006,7439147,13.5230558
New Zealand,2006,527,3898600,13.51767301
Norway,1995,548,4055900,13.51118124
Romania,1994,2887,21386000,13.49948564
Sweden,2008,1170,8688504,13.46606965
Sweden,2000,1131,8409008,13.44986234
Cuba,2014,1453,10813411,13.43701816
USA,1990,30895,229952200,13.43540092
Trinidad and Tobago,1991,148,1102000,13.43012704
Iceland,1996,33,246500,13.38742394
Romania,1997,2859,21369000,13.37919416
Australia,2000,2391,17874410,13.3766653
USA,1988,30388,227353000,13.36599913
Slovakia,1996,672,5032436,13.35337399
New Zealand,2005,514,3849280,13.35314656
USA,1985,29446,220723000,13.34070305
USA,2010,38362,287839149,13.32758248
New Zealand,2012,549,4120870,13.32242949
Romania,2000,2836,21290400,13.32055762
Romania,1998,2838,21338400,13.29996626
Bulgaria,2006,977,7358508,13.27714803
Norway,1998,548,4129400,13.27069308
Australia,1989,2066,15570600,13.26859594
Bulgaria,2005,982,7404051,13.26300967
Mauritius,1994,129,972800,13.26069079
Iceland,1997,33,248929,13.2567921
Romania,2006,2721,20526561,13.25599549
Slovakia,1998,673,5081100,13.24516345
Netherlands,2016,1886,14239554,13.24479685
Uruguay,1996,393,2967278,13.24446176
Slovakia,2005,679,5126946,13.24375174
USA,1991,30790,232955000,13.21714494
New Zealand,2010,536,4055470,13.21671717
Romania,1996,2828,21397300,13.21662079
Switzerland,2014,1032,7809621,13.21446969
Slovakia,2004,676,5121210,13.20000547
Romania,2004,2720,20610767,13.19698583
Australia,2014,2891,21927587,13.18430523
Germany,2014,10217,77552369,13.17432353
USA,1989,30218,229487000,13.16763041
Norway,1994,531,4033300,13.16539806
Singapore,1995,364,2765300,13.16312877
Cuba,2005,1397,10616406,13.15887881
Ireland,2000,463,3523376,13.14080586
Ireland,2011,554,4218849,13.1315437
Trinidad and Tobago,2002,156,1188800,13.12247645
Canada,1997,3681,28085100,13.10659389
New Zealand,2008,520,3968450,13.10335269
Romania,2012,2495,19041594,13.10289464
Sweden,2003,1112,8490539,13.0969306
Germany,2013,10091,77270988,13.05923512
USA,1993,31084,238092300,13.0554411
Sweden,2007,1126,8629159,13.0487803
Canada,1998,3699,28372536,13.03725546
Denmark,2004,661,5072927,13.02995292
Norway,2001,549,4215103,13.02459276
Germany,2005,10270,78851254,13.02452336
Romania,1995,2793,21451300,13.02018992
Romania,1993,2774,21307600,13.01882896
Guyana,1994,86,660582,13.0188228
New Zealand,2004,495,3802510,13.01771724
Trinidad and Tobago,2010,160,1231002,12.99754184
Norway,1997,533,4102100,12.99334487
Norway,2000,541,4168315,12.97886556
Mauritius,2000,137,1056073,12.97258807
Sweden,2015,1182,9114524,12.96831299
Suriname,1992,48,370194,12.96617449
Iceland,2015,40,308554,12.96369517
Germany,2011,10153,78371140,12.95502401
Australia,1995,2170,16766300,12.94262896
USA,2009,36900,285162662,12.93998301
Kyrgyzstan,1999,556,4298100,12.93594844
USA,1992,30471,235565600,12.93525031
USA,1994,31123,240614100,12.9348197
Sweden,2010,1141,8823125,12.93192605
Bulgaria,2008,939,7267511,12.92051708
Cuba,2006,1376,10653638,12.91577581
Germany,2015,10088,78136683,12.9107093
Sweden,2012,1154,8948909,12.89542669
Iceland,2004,35,271588,12.88716733
Norway,2011,598,4643300,12.87877156
Cuba,2008,1377,10693814,12.87660324
Suriname,1986,42,326294,12.87182725
USA,1995,31272,243164200,12.86044574
Ireland,2012,542,4220806,12.8411493
Romania,1999,2736,21310800,12.83856073
El Salvador,1995,620,4836397,12.81946044
New Zealand,2000,458,3573690,12.81588498
Germany,2010,10030,78349067,12.80168403
Iceland,2008,38,296836,12.80168174
Ireland,2009,527,4117667,12.79850945
Kyrgyzstan,1992,491,3839300,12.78878962
Romania,2001,2720,21272887,12.78622878
Australia,1985,1861,14562500,12.77939914
Iceland,2007,37,289712,12.77130392
New Zealand,2009,512,4009980,12.76814348
Luxembourg,2014,67,524940,12.76336343
New Zealand,2002,467,3659190,12.7623873
USA,2008,36030,282355565,12.76050642
Chile,2011,2027,15910783,12.73978785
Trinidad and Tobago,1994,148,1162900,12.72680368
Denmark,2006,650,5110460,12.7190116
Chile,2010,2001,15751851,12.70326897
Romania,2009,2586,20390882,12.68213901
Norway,1996,517,4078000,12.67778323
Kyrgyzstan,2002,567,4473163,12.67559443
Romania,2013,2407,19003345,12.66619114
El Salvador,1990,571,4510552,12.65920446
Norway,2009,573,4527536,12.65589053
Romania,2005,2603,20569960,12.6543756
Kyrgyzstan,2001,560,4425784,12.65312541
Trinidad and Tobago,1996,146,1156185,12.62773691
Canada,2001,3694,29262055,12.62385707
Australia,2002,2319,18370058,12.62380337
Germany,2012,9896,78508115,12.60506637
Sweden,2014,1148,9114524,12.59528199
Canada,2003,3765,29958833,12.56724519
New Zealand,2007,494,3935450,12.55256705
USA,1996,30879,245997800,12.55255128
Denmark,2012,661,5270539,12.5414118
Bulgaria,2012,872,6959652,12.5293621
Denmark,2003,633,5056783,12.5178399
Sweden,2011,1112,8884644,12.515977
Singapore,1987,301,2407800,12.50103829
Romania,2011,2536,20291701,12.49772013
Romania,1992,2650,21227100,12.48404163
Slovakia,1997,630,5058389,12.45455816
Australia,1993,2038,16370000,12.44960293
Iceland,2012,37,297238,12.44793734
Canada,2000,3606,29008565,12.43081138
New Zealand,2013,513,4129770,12.42199929
Suriname,2000,52,419001,12.41047157
Germany,2006,9775,78828994,12.40025973
Denmark,2005,631,5089852,12.39721705
Ireland,2004,464,3752679,12.36450013
Ireland,2008,506,4094192,12.35897095
Ireland,2002,449,3639573,12.33661201
Bulgaria,2007,902,7312474,12.33508659
USA,2007,34596,280658606,12.32671982
Canada,2002,3650,29642114,12.31356171
Norway,2004,529,4301960,12.29672056
Kyrgyzstan,1998,509,4139700,12.29557697
Norway,2005,533,4335092,12.29501012
Ireland,2003,454,3694079,12.28993749
Portugal,2014,1222,9944433,12.2882823
USA,1997,30517,248486400,12.28115502
Portugal,2002,1210,9859832,12.27201437
Slovakia,2010,631,5147562,12.25823021
Cuba,2007,1307,10678023,12.24009351
Canada,2010,3951,32286140,12.23744926
Canada,2005,3743,30597090,12.2331895
Kyrgyzstan,1997,496,4059900,12.21704968
Germany,2009,9579,78448602,12.21054264
Uruguay,1989,344,2820700,12.1955543
Canada,2009,3890,31937357,12.18009368
Ireland,1999,424,3481871,12.17736096
Canada,2013,4054,33314836,12.16875268
Norway,2006,532,4372103,12.16805734
USA,1998,30558,251332500,12.15839575
Iceland,2009,36,296204,12.1537859
Australia,2012,2580,21238909,12.14751662
Mauritius,2002,131,1079755,12.13238188
Chile,2007,1848,15245435,12.12166134
Iceland,1999,31,255820,12.1178954
Romania,2008,2472,20433803,12.09760122
Ireland,1996,408,3375800,12.08602405
Norway,2015,590,4882909,12.0829612
Australia,2013,2608,21600180,12.07397346
Kyrgyzstan,1996,480,3978800,12.06393888
Mauritius,1997,122,1011700,12.05891074
Trinidad and Tobago,2003,144,1194458,12.05567714
New Zealand,2011,493,4090460,12.0524342
Ireland,1995,403,3345900,12.04459189
Netherlands,1985,1638,13618300,12.027933
Slovakia,2013,616,5122209,12.02606141
Germany,2008,9459,78662789,12.02474527
Bulgaria,2009,868,7219817,12.02246539
Iceland,2005,33,274929,12.00309898
Bulgaria,2010,859,7162740,11.99261735
Denmark,2009,622,5192790,11.97814662
Norway,2010,548,4582885,11.9575333
Germany,2007,9409,78776585,11.9439044
USA,2006,33292,278980848,11.93343566
Canada,2004,3613,30283966,11.93040568
Aruba,2000,10,83888,11.92065611
Canada,2012,3926,32961196,11.91097556
Chile,2006,1795,15071596,11.9098203
Luxembourg,2015,64,537748,11.90148545
Iceland,1998,30,252253,11.89282189
Guyana,1992,78,656713,11.87733454
Romania,2007,2430,20475026,11.8681168
Suriname,1999,49,413303,11.85570877
USA,2004,32428,273584136,11.85302645
Romania,1989,2529,21344500,11.84848556
Trinidad and Tobago,1999,139,1173276,11.8471698
Ireland,1994,394,3326000,11.84606133
USA,2005,32629,276106680,11.81753372
Romania,2015,2228,18863927,11.81090236
Turkmenistan,2006,506,4287650,11.8013364
Chile,2004,1735,14710993,11.79390134
Denmark,2014,629,5339166,11.78086615
USA,2002,31645,268759559,11.77446492
Mauritius,1985,104,883400,11.7726964
Ireland,2005,451,3833357,11.76514475
Iceland,1992,28,238000,11.76470588
Norway,2003,502,4273124,11.74784537
Romania,2016,1953,16644905,11.7333202
Netherlands,1987,1616,13777000,11.72969442
Canada,2008,3705,31588641,11.72889964
Netherlands,1986,1604,13695500,11.71187616
Slovakia,2009,601,5141744,11.68864105
Portugal,2003,1156,9895009,11.68265739
Denmark,2008,603,5162525,11.68033085
Netherlands,2013,1856,15899508,11.67331719
Kyrgyzstan,2000,510,4369202,11.67261207
Netherlands,2015,1873,16057342,11.66444608
Trinidad and Tobago,2006,141,1209301,11.65962817
El Salvador,1997,577,4949302,11.65820958
Romania,2014,2209,18952235,11.6556174
Singapore,1994,316,2712200,11.65105818
Norway,2002,494,4243689,11.64081534
Australia,2008,2341,20120312,11.63500844
Norway,2013,554,4767605,11.62009017
USA,2003,31477,271041510,11.61335029
Australia,2010,2420,20847547,11.60808032
Australia,2003,2156,18608029,11.58639639
Puerto Rico,1990,371,3204000,11.57927591
Netherlands,2014,1839,15899508,11.56639564
Singapore,1991,296,2559300,11.56566249
Canada,2007,3611,31242631,11.55792545
USA,2001,30607,265427546,11.53120709
Ireland,2013,487,4227378,11.52014322
Denmark,2013,610,5299698,11.51008982
South Korea,1995,4841,42076400,11.50526186
Slovakia,2008,591,5137067,11.50461927
USA,1999,29183,253748671,11.50074989
Chile,2001,1625,14139590,11.49255389
Ireland,2006,452,3937578,11.47913768
Australia,2011,2392,20881910,11.45489086
Chile,2012,1841,16075247,11.45239013
Canada,2011,3728,32615418,11.43017698
Netherlands,1991,1611,14114800,11.41355173
Ireland,2010,486,4264857,11.39545828
Chile,2003,1654,14523758,11.38823712
Australia,2009,2337,20529317,11.38372017
Ireland,2007,458,4026707,11.37405826
Canada,2006,3512,30902962,11.36460641
Norway,2014,548,4827178,11.3523885
Luxembourg,2003,48,423654,11.33000042
Denmark,2007,581,5133001,11.31891461
Belize,2011,33,291662,11.31446675
Iceland,2006,32,282999,11.30746045
Luxembourg,2010,54,477979,11.29756747
Australia,2007,2229,19734430,11.2949804
Chile,2005,1682,14893574,11.29346119
Norway,2008,505,4472089,11.29226185
Trinidad and Tobago,2005,136,1205471,11.28189728
Iceland,2002,30,266455,11.25893678
Luxembourg,2011,55,488918,11.24933015
Trinidad and Tobago,2011,139,1237186,11.23517402
Denmark,2011,589,5244150,11.23156279
Ireland,2014,486,4328043,11.22909361
Australia,2004,2114,18854551,11.21214714
Luxembourg,2005,49,437338,11.20414874
USA,2000,29343,262246108,11.1891079
Mauritius,2007,127,1135233,11.18713075
Chile,2002,1603,14332840,11.18410587
New Zealand,1985,338,3025800,11.17059951
Turkmenistan,1999,442,3958754,11.16512923
Netherlands,1992,1587,14216900,11.16277107
Slovakia,2012,571,5116922,11.15905226
Singapore,1998,328,2940200,11.15570369
Uruguay,1990,315,2834000,11.11503176
Chile,2015,1838,16565725,11.09519807
Netherlands,2012,1756,15839503,11.08620643
Australia,2006,2117,19109246,11.07840676
El Salvador,1996,540,4892391,11.0375479
Trinidad and Tobago,1987,119,1078300,11.03588983
Saint Vincent and Grenadines,2007,11,99689,11.03431673
Iceland,1995,27,244700,11.03391908
Ireland,1992,362,3283400,11.02515685
Turkmenistan,2005,468,4252530,11.00521337
Netherlands,1994,1584,14397700,11.00175723
Netherlands,1988,1523,13855700,10.99186616
Aruba,1999,9,81934,10.9844509
Norway,2007,485,4417369,10.97938615
Turkmenistan,2008,484,4412135,10.96974594
Puerto Rico,1991,355,3237200,10.96626714
Norway,2012,515,4706585,10.94211621
Guyana,1993,72,658831,10.92844751
Portugal,2010,1099,10066628,10.91726048
Netherlands,1989,1520,13929300,10.91224972
Chile,2014,1789,16406867,10.90397088
Seychelles,2013,9,82541,10.90367211
Singapore,2006,372,3411900,10.90301591
Aruba,1995,8,73581,10.87237194
Turkmenistan,2001,445,4095981,10.86430821
Netherlands,1993,1555,14313600,10.86379387
Netherlands,1996,1577,14553700,10.83573249
Bulgaria,2011,763,7056527,10.81268448
Iceland,1993,26,240500,10.81081081
Slovakia,2014,554,5129686,10.79988132
Singapore,2012,392,3631600,10.79414032
Trinidad and Tobago,2007,131,1213988,10.79088096
Denmark,2010,563,5217785,10.79001914
Singapore,2005,359,3342400,10.74078506
Netherlands,1997,1572,14639900,10.73777826
Portugal,2012,1076,10029396,10.72846261
Chile,2013,1738,16242244,10.70049188
Aruba,2005,10,93728,10.66917037
Singapore,1992,277,2604000,10.6374808
Kyrgyzstan,2012,524,4932360,10.62371765
Puerto Rico,1994,355,3343624,10.61722251
Ireland,1991,345,3252100,10.60852987
Kyrgyzstan,2003,479,4520843,10.59536905
Mauritius,2001,113,1068947,10.57115086
Chile,2000,1473,13943575,10.56400529
Portugal,1985,983,9313930,10.55408404
Portugal,2013,1052,9985074,10.53572562
Singapore,1997,303,2880000,10.52083333
Bulgaria,2014,724,6883874,10.5173337
Mauritius,2006,118,1125301,10.48608328
Uruguay,1985,287,2737400,10.48440126
Denmark,2015,564,5383060,10.47731216
Netherlands,2011,1650,15772162,10.46147003
Trinidad and Tobago,2009,128,1225097,10.44815227
Netherlands,1995,1511,14474000,10.43940859
Mauritius,2014,120,1151424,10.42187761
Bulgaria,2013,721,6920644,10.4181056
Puerto Rico,1993,345,3312472,10.41518238
Netherlands,2002,1570,15130318,10.37651687
Saint Vincent and Grenadines,1998,10,96449,10.36817385
Ireland,1990,334,3224000,10.35980149
El Salvador,1991,474,4576985,10.35616241
Portugal,2008,1038,10030640,10.34829283
Netherlands,1990,1450,14014300,10.34657457
Kyrgyzstan,2010,500,4837556,10.33579766
Kyrgyzstan,2007,482,4668640,10.32420576
Netherlands,1998,1519,14734600,10.30906845
Iceland,1994,25,242700,10.30078286
Netherlands,2005,1574,15320595,10.27375242
Netherlands,1999,1519,14832000,10.24137001
South Korea,1994,4212,41145300,10.23689218
Portugal,1987,960,9378989,10.2356448
Luxembourg,2009,48,469209,10.2299828
El Salvador,1998,512,5006338,10.22703621
Netherlands,2010,1604,15691409,10.22215405
Singapore,2004,335,3281400,10.20905711
Seychelles,2003,8,78402,10.20382133
Portugal,2009,1025,10049918,10.19908819
Aruba,2002,9,88284,10.19437271
Portugal,2007,1020,10005713,10.19417607
Kyrgyzstan,2005,470,4614533,10.18521267
Luxembourg,2012,51,501044,10.17874678
El Salvador,1999,515,5062759,10.17231909
Singapore,1993,270,2655800,10.16642819
Singapore,2002,321,3165200,10.14153924
Singapore,2000,309,3047600,10.13912587
South Korea,1993,4124,40754800,10.11905346
Portugal,2011,1017,10062815,10.10651592
Kyrgyzstan,2008,473,4690924,10.08330129
Romania,1991,2161,21458000,10.07083605
Portugal,1986,941,9349248,10.06498063
Mauritius,2011,118,1173352,10.05665819
Netherlands,2000,1501,14933235,10.05140547
South Korea,1985,3689,36716700,10.04719923
Turkmenistan,2002,416,4143692,10.03935621
Portugal,1991,942,9410507,10.01008766
Saint Vincent and Grenadines,2012,10,100167,9.983327843
El Salvador,2003,527,5283542,9.974369467
Kyrgyzstan,2006,463,4646475,9.964543014
Puerto Rico,1989,327,3283800,9.957975516
El Salvador,2001,514,5175094,9.932186739
Netherlands,2006,1525,15368697,9.922767037
Saint Lucia,2000,14,141100,9.922041106
Singapore,2003,320,3226200,9.918789908
Mauritius,2009,115,1159551,9.917631911
Netherlands,2004,1514,15265861,9.917553946
Saint Lucia,1987,11,111300,9.883198562
Turkmenistan,1998,405,4099200,9.879976581
Netherlands,2003,1502,15203397,9.879371038
Mauritius,2016,98,992432,9.874731972
Singapore,2009,349,3536100,9.869630384
Puerto Rico,1986,310,3143200,9.862560448
Ireland,1993,326,3306500,9.859367912
Singapore,2001,305,3103000,9.829197551
Netherlands,2009,1530,15602176,9.806324451
Netherlands,2001,1474,15038337,9.801615697
Trinidad and Tobago,1986,104,1061600,9.796533534
Seychelles,2006,8,81691,9.793000453
Singapore,2013,357,3661456,9.750219585
Mauritius,2012,115,1180547,9.741247066
Puerto Rico,1996,331,3401823,9.730077079
Romania,1990,2079,21401900,9.714090805
Puerto Rico,1988,314,3235600,9.704537026
Iceland,2003,26,268330,9.689561361
Singapore,2007,328,3389600,9.676658013
Turkmenistan,1990,298,3079800,9.675952984
Kyrgyzstan,2011,471,4870538,9.670389596
England,1985,5105,53006535,9.630887965
Singapore,2014,355,3689370,9.622239027
Kyrgyzstan,2004,438,4572278,9.579470015
Uruguay,1988,268,2799600,9.572796114
Puerto Rico,1992,314,3287900,9.550168801
Kyrgyzstan,2009,458,4800134,9.541400303
Aruba,2006,9,94508,9.523003344
Turkmenistan,1987,272,2859100,9.513483264
Turkmenistan,2000,383,4026478,9.512035084
Uruguay,1986,262,2757600,9.501015376
Iceland,1989,22,232000,9.482758621
Puerto Rico,2009,330,3484474,9.470582934
Argentina,2003,3289,34785907,9.45497842
Aruba,2011,9,95488,9.425268097
Luxembourg,2008,43,460371,9.340292938
England,1988,4971,53310780,9.324568127
Turkmenistan,2004,392,4211000,9.308952743
Cabo Verde,2011,42,452179,9.288357044
Uruguay,1987,258,2778900,9.284249163
Netherlands,2008,1439,15506963,9.279702286
Puerto Rico,1998,321,3464834,9.264513105
Singapore,2008,319,3448900,9.249325872
Singapore,1999,277,2997100,9.242267525
Portugal,1990,870,9420814,9.234870787
Turkmenistan,1988,270,2926300,9.226668489
South Korea,1986,3458,37540400,9.211409575
Portugal,1992,866,9401557,9.211240223
Argentina,2001,3132,34010946,9.208800014
Argentina,2002,3162,34407507,9.189854993
Thailand,1999,5276,57507860,9.174398074
El Salvador,2007,501,5467861,9.162632335
Malta,2009,36,393102,9.157928477
Mauritius,2005,102,1113942,9.156670635
El Salvador,2009,506,5528910,9.151894316
Iceland,2011,27,295475,9.13782892
El Salvador,1992,419,4591600,9.125359352
El Salvador,2012,512,5618823,9.112228664
England,1986,4839,53119533,9.10964334
Guyana,1996,60,659048,9.10404098
Kyrgyzstan,2014,461,5096430,9.04554757
El Salvador,1993,424,4694300,9.032230578
Turkmenistan,2003,377,4177740,9.02401777
Spain,1997,3373,37405000,9.017511028
El Salvador,2000,461,5118189,9.007092157
Mauritius,2015,104,1154848,9.005514146
Kiribati,1996,6,67126,8.938414325
El Salvador,2008,490,5499287,8.910246001
Kyrgyzstan,2013,446,5012200,8.898288177
Thailand,2000,5182,58262135,8.894284427
Spain,1996,3320,37341200,8.890983686
Belize,1999,18,202699,8.880162211
Argentina,2004,3121,35162945,8.875820839
Spain,2000,3394,38319996,8.856994661
Saint Lucia,1992,11,124223,8.855042947
Spain,2014,3911,44172771,8.853870634
Costa Rica,2006,350,3953916,8.851983704
Saint Lucia,1988,10,113000,8.849557522
Singapore,2015,329,3719115,8.846190559
Uzbekistan,2000,1919,21789067,8.80716921
Italy,1985,4759,54114700,8.794283254
Mauritius,2004,97,1103091,8.793472161
Israel,1989,353,4021100,8.778692398
Netherlands,2007,1354,15425404,8.777727961
Ireland,1986,282,3216700,8.766748531
Spain,2013,3873,44227625,8.756970332
Thailand,1998,4963,56691783,8.754355106
South Korea,1992,3533,40371200,8.751288047
Belize,2001,19,217279,8.744517418
Puerto Rico,1985,269,3082500,8.726682887
Portugal,1988,819,9400481,8.712320146
Spain,2003,3478,39947556,8.706414981
Spain,1998,3261,37458900,8.705541273
El Salvador,2004,464,5333170,8.700266446
Puerto Rico,2000,305,3511947,8.684641312
El Salvador,2011,485,5585785,8.682754528
Italy,1993,4697,54140523,8.6755719
England,1990,4643,53557854,8.669130022
Aruba,2004,8,92335,8.664103536
Italy,1997,4694,54181477,8.663477373
South Korea,1987,3301,38114900,8.660655019
Italy,1996,4689,54150332,8.659226688
Argentina,2006,3108,35918886,8.652829601
Spain,2004,3508,40555823,8.649805972
Italy,1986,4691,54267500,8.644216151
Turkmenistan,1991,273,3162500,8.632411067
England,1987,4594,53239668,8.628904297
Ireland,1989,278,3223200,8.624968975
Uzbekistan,2001,1914,22231527,8.609395117
Ireland,1985,276,3208200,8.602954928
Argentina,2005,3058,35550617,8.601819766
Puerto Rico,2008,300,3488811,8.598918084
Israel,1994,416,4844900,8.586348531
Spain,2002,3372,39340611,8.571295448
Belize,2000,18,210109,8.5669819
Bosnia and Herzegovina,2014,313,3654169,8.565558955
Puerto Rico,1995,289,3375154,8.562572256
England,1992,4628,54076358,8.558268662
Uzbekistan,1996,1699,19854500,8.557254023
El Salvador,2013,484,5657250,8.555393522
Singapore,2011,308,3600900,8.553417201
Guyana,1988,56,654894,8.551002147
Mauritius,2013,98,1147390,8.541123768
Portugal,1995,809,9473844,8.539300415
Puerto Rico,1987,272,3189400,8.528249828
Spain,1994,3171,37203100,8.523483258
Spain,1999,3220,37789271,8.520937067
Costa Rica,2004,325,3820857,8.505945132
Uzbekistan,1990,1459,17165700,8.499507739
Saint Lucia,2013,14,164790,8.495661144
Spain,1995,3157,37275300,8.469415404
Singapore,1996,239,2823100,8.465870851
El Salvador,2005,455,5378879,8.459011627
Saint Lucia,2014,14,165596,8.454310491
Argentina,2012,3248,38441778,8.449140932
Italy,1995,4569,54141172,8.439048937
Aruba,2007,8,94814,8.43757251
Turkmenistan,1989,253,2999000,8.436145382
England,1991,4547,53903427,8.435456247
Uzbekistan,1999,1795,21329916,8.415410544
Thailand,2002,4902,58263389,8.413516763
Mauritius,2010,98,1164931,8.412515419
Belize,2004,20,237791,8.410747253
Costa Rica,2003,315,3751871,8.39581105
Italy,1992,4543,54154898,8.38889956
Argentina,1986,2284,27244400,8.383374198
Italy,1994,4536,54143049,8.377806725
El Salvador,2002,436,5230458,8.335790097
Turkmenistan,1992,271,3252900,8.331027698
Argentina,2008,3059,36733520,8.327543889
Saint Vincent and Grenadines,1996,8,96095,8.325094958
Argentina,1988,2354,28308000,8.315670482
Turkmenistan,1997,333,4006400,8.311701278
Israel,1992,381,4588900,8.302643335
Italy,1998,4504,54250592,8.30221355
Italy,1987,4516,54424100,8.297794543
Portugal,1993,780,9410082,8.288981966
Argentina,1987,2286,27599400,8.282788756
Malta,2015,34,410637,8.279818915
Singapore,2010,296,3576800,8.275553567
Puerto Rico,1999,289,3492721,8.274351143
Saint Lucia,2002,12,145168,8.266284581
Argentina,2000,2774,33585533,8.25950864
Spain,2005,3399,41195479,8.250905397
Puerto Rico,2005,289,3504599,8.246307209
Spain,2001,3189,38713504,8.237435702
Ireland,1988,266,3233500,8.226380084
Argentina,2014,3231,39276555,8.226281557
England,1993,4462,54283982,8.21973598
Saint Vincent and Grenadines,2001,8,97341,8.218530732
Puerto Rico,2010,286,3480379,8.217495853
Puerto Rico,2001,289,3522212,8.205071131
Spain,1993,3037,37122100,8.181110444
Italy,1991,4453,54465500,8.175817719
England,1989,4361,53425129,8.1628254
Spain,2015,3604,44186528,8.156332174
Turkmenistan,2007,354,4342657,8.151691464
Seychelles,2015,7,85949,8.144364681
Saint Lucia,2009,13,159820,8.13415092
Spain,1989,2987,36740400,8.130014915
Belize,2015,26,319835,8.129191614
Israel,1991,359,4423200,8.116295894
Argentina,2007,2946,36315492,8.112240363
Malta,2001,30,370541,8.096270048
Spain,1988,2960,36597300,8.088028352
Portugal,1994,762,9436009,8.075447999
Saint Vincent and Grenadines,2005,8,99118,8.071187877
Thailand,1996,4443,55070703,8.067810574
Mauritius,2003,88,1092234,8.056881584
England,2015,4910,61082942,8.038250679
England,1994,4380,54497293,8.037096448
Uzbekistan,1991,1393,17347800,8.029836636
Italy,1990,4402,54831700,8.028202664
England,2013,4824,60091793,8.027718527
Italy,1988,4381,54579700,8.026793845
Kyrgyzstan,2015,417,5195827,8.025671371
Spain,2008,3457,43199484,8.002410399
Spain,2012,3539,44318859,7.985313882
South Korea,1990,3159,39589500,7.979388474
Spain,1990,2939,36861400,7.973110083
England,1999,4448,55833339,7.966566356
Suriname,1997,32,401814,7.963883787
Seychelles,2001,6,75363,7.961466502
Puerto Rico,1997,273,3432757,7.952791299
Puerto Rico,2004,279,3511462,7.945408494
San Marino,1999,2,25192,7.939028263
Italy,1989,4342,54697200,7.938249124
Portugal,1989,747,9415270,7.933920111
Ecuador,2007,1005,12677354,7.927521784
England,2014,4788,60570482,7.904840513
England,1998,4389,55527379,7.904208841
Spain,1991,2916,36958100,7.890015991
Spain,2009,3429,43490086,7.884555574
England,1995,4315,54746964,7.881715596
Malta,2014,32,406525,7.871594613
Israel,1993,371,4717000,7.865168539
Malta,2010,31,394949,7.849114696
Argentina,2010,2943,37578454,7.831615425
Argentina,1989,2247,28702000,7.828722737
Thailand,1995,4245,54366057,7.808180755
Luxembourg,2013,40,512689,7.802000823
Macau,1994,27,346542,7.791263397
Spain,2006,3247,41808848,7.766298655
Uzbekistan,1998,1620,20861200,7.765612716
Argentina,2009,2884,37158001,7.761450892
Portugal,2001,761,9809536,7.75775735
Puerto Rico,2007,271,3493631,7.756972617
Belize,1995,14,180500,7.756232687
Argentina,2015,3073,39699624,7.740627468
Saint Lucia,1995,10,129466,7.724035654
Ecuador,2005,943,12217643,7.718346329
South Korea,1989,3023,39171500,7.717345519
Thailand,2016,4117,53442001,7.70367861
Spain,1987,2804,36425700,7.697861675
Argentina,2013,2987,38859125,7.686740244
Israel,1988,303,3947300,7.676133053
South Korea,1991,3069,39993700,7.673708609
Belize,2014,24,312780,7.67312488
Spain,2007,3264,42547327,7.671457246
Uzbekistan,2014,2095,27313507,7.670197752
Argentina,2011,2912,38015739,7.65998525
England,2000,4290,56133909,7.642439439
Uzbekistan,1997,1554,20364300,7.631001311
South Korea,1988,2949,38700500,7.620056588
Chile,1998,1031,13543940,7.612260539
Spain,1986,2755,36223000,7.605664909
Malta,1999,27,355600,7.5928009
Ireland,1987,245,3229700,7.585843886
Italy,1999,4115,54280527,7.580987561
Uzbekistan,1995,1485,19599000,7.57691719
Chile,1999,1041,13743882,7.574279232
Puerto Rico,2006,265,3499036,7.573514534
England,1996,4165,55012207,7.571046913
El Salvador,2006,411,5429044,7.570393609
Italy,2000,4108,54298946,7.565524384
Spain,1992,2786,37000900,7.529546579
Seychelles,2004,6,79735,7.524926318
England,1997,4143,55266635,7.496385477
Italy,2012,4257,56795085,7.495366897
Costa Rica,2002,275,3680372,7.472070758
Italy,2002,4069,54526842,7.462379721
Costa Rica,2011,316,4235514,7.460723775
England,2011,4393,58881852,7.460702833
Italy,2013,4290,57503331,7.460437379
Suriname,1990,26,348700,7.456266131
Thailand,2003,4484,60158951,7.453587414
Puerto Rico,2003,262,3519026,7.44524195
England,2012,4444,59708630,7.442810193
Costa Rica,2010,311,4184663,7.431900729
Thailand,1997,4150,55859088,7.429408801
England,2001,4128,55571993,7.428202188
Puerto Rico,2011,258,3475298,7.423823799
Italy,2003,4075,54937570,7.417510458
Italy,2001,4030,54333844,7.417108202
Uzbekistan,1994,1419,19144700,7.411973026
England,2004,4183,56455011,7.409439704
England,2008,4259,57683372,7.383410249
Ecuador,2015,1073,14534024,7.382676676
Aruba,2010,7,95006,7.367955708
England,2002,4117,55908944,7.363759187
Uzbekistan,1992,1344,18257000,7.36155995
Argentina,1990,2140,29091100,7.356201725
Ecuador,2009,964,13130161,7.34187494
Argentina,1985,1988,27090800,7.338284584
Italy,2011,4153,56610149,7.33614038
Mauritius,2008,84,1146258,7.328193129
Thailand,1990,3753,51228668,7.325976151
Uzbekistan,1993,1355,18509300,7.320644217
England,2009,4246,58013559,7.318978655
Kiribati,1997,5,68328,7.317644304
Argentina,1993,2230,30477500,7.316873103
Israel,1990,304,4156100,7.314549698
Argentina,1999,2423,33174862,7.303722921
Saint Vincent and Grenadines,1995,7,95974,7.293642028
Israel,1986,278,3813500,7.289891176
Seychelles,2007,6,82331,7.287655925
Spain,2011,3180,43642571,7.286463485
Argentina,1992,2184,30045400,7.268999581
Uzbekistan,2013,1950,26838924,7.26556698
Argentina,1994,2241,30911200,7.249799425
Italy,2004,3986,54988156,7.248833731
Spain,2010,3158,43595356,7.24389084
Israel,1997,379,5233500,7.241807586
Turkmenistan,1996,283,3913000,7.232302581
Israel,1995,360,4977700,7.232255861
Ecuador,2006,900,12449374,7.229279159
England,2006,4122,57091129,7.220035883
Chile,1995,930,12897643,7.210619801
Turkmenistan,1993,240,3331100,7.204827234
Ecuador,2008,928,12903183,7.19202386
El Salvador,2010,399,5560453,7.175674356
Barbados,1991,17,237000,7.172995781
England,2010,4188,58403529,7.170799559
Argentina,1998,2347,32757259,7.164824139
Saint Vincent and Grenadines,2002,7,97799,7.157537398
Costa Rica,2013,311,4347229,7.153982456
Seychelles,2010,6,83885,7.152649461
Puerto Rico,2012,248,3472672,7.141474922
Italy,2014,4147,58100676,7.137610585
Nicaragua,2011,369,5177921,7.126412319
England,2005,4047,56809024,7.123868208
Suriname,1998,29,407606,7.114713719
Malta,1989,23,324000,7.098765432
England,2003,3979,56171771,7.083629249
Thailand,2004,4296,60686373,7.079019206
Ecuador,2012,976,13815861,7.064344379
Barbados,1995,17,241200,7.048092869
Costa Rica,2012,302,4290210,7.039282459
Argentina,1995,2204,31345400,7.031334741
Argentina,1996,2229,31780700,7.013690699
Israel,2010,480,6849825,7.007478293
Costa Rica,2005,272,3887096,6.997511767
Israel,1987,271,3878100,6.987958021
Chile,1996,917,13125089,6.986619291
Spain,1985,2514,35997000,6.983915326
Israel,2000,394,5643291,6.981741682
Uzbekistan,2002,1576,22632256,6.963512608
Uzbekistan,2012,1835,26381830,6.955544782
Israel,2003,417,6003127,6.946379778
Puerto Rico,2013,241,3471665,6.941914038
Italy,2009,3974,57351830,6.929159889
Italy,2010,3989,57637843,6.92080028
Israel,2001,398,5777467,6.888832078
Nicaragua,2010,351,5107427,6.87234492
Thailand,2015,4205,61261276,6.864042466
Portugal,1996,653,9515960,6.862155789
Italy,2015,3988,58117697,6.861937423
Thailand,1991,3559,51947693,6.85112234
Italy,2008,3904,57009825,6.847942438
Turkmenistan,1994,234,3423100,6.835908971
Israel,2005,425,6220861,6.831851732
Ecuador,2010,912,13360285,6.826201687
Chile,1997,910,13339550,6.821819327
Panama,2003,195,2858964,6.820652516
Saint Lucia,2003,10,147127,6.796848981
England,2007,3897,57382757,6.791238699
Puerto Rico,2002,239,3523951,6.782160138
Barbados,1989,16,236000,6.779661017
El Salvador,2014,386,5696329,6.776293996
Italy,2005,3742,55244690,6.77350167
Costa Rica,2000,239,3531421,6.767813863
Ecuador,2011,918,13583553,6.758172917
Argentina,1997,2184,32333781,6.754545656
Costa Rica,1999,233,3449923,6.753773925
Thailand,1992,3550,52570440,6.752844374
Barbados,1990,16,237000,6.751054852
Saint Lucia,1989,8,118566,6.747296864
Malta,2006,26,386038,6.735088256
Costa Rica,2009,278,4128459,6.733747386
Israel,2004,411,6109931,6.726753543
Costa Rica,2007,270,4015241,6.724378437
Saint Lucia,1997,9,133967,6.718072361
Malta,2007,26,387581,6.708275173
Israel,1999,368,5497047,6.694503431
Barbados,1993,16,239600,6.677796327
Costa Rica,1995,209,3135200,6.666241388
Italy,2007,3757,56583578,6.639735649
Chile,1991,787,11871000,6.62960155
Costa Rica,1998,223,3365726,6.625613612
Thailand,2012,3985,60382255,6.599621031
Ecuador,2004,791,11994153,6.594880022
Nicaragua,2013,351,5326935,6.589154927
Argentina,1991,1951,29623000,6.58609864
Italy,2006,3700,56180672,6.585894879
Portugal,1997,628,9564579,6.565892759
Costa Rica,1996,209,3192446,6.546704314
Colombia,2001,2412,36884428,6.539345005
Costa Rica,1989,167,2556000,6.533646322
Thailand,2013,3961,60766487,6.518395576
Puerto Rico,2015,226,3469521,6.513867476
Colombia,2000,2358,36252342,6.504407357
Seychelles,2002,5,76904,6.5016124
Israel,2002,382,5895508,6.479509484
Thailand,2014,3952,61139919,6.463862015
Paraguay,2014,379,5877594,6.448216736
Thailand,1985,2982,46303443,6.440125846
Thailand,2005,3937,61182665,6.434829212
Thailand,2011,3873,60261832,6.426953631
Costa Rica,2008,261,4072561,6.408743786
Grenada,2005,6,93685,6.404440412
Chile,1985,683,10675400,6.39788673
Chile,1994,801,12526600,6.394392732
Turkmenistan,1995,244,3818200,6.39044576
Thailand,2008,3778,59216773,6.37994914
Panama,2004,186,2918453,6.373239521
Thailand,2007,3754,58941621,6.369013842
Thailand,2009,3787,59483718,6.366448042
Kiribati,1992,4,62856,6.363752068
Saint Lucia,1993,8,125846,6.356975987
Colombia,2002,2379,37478276,6.347677252
Chile,1990,743,11709000,6.345546161
Malta,2000,23,362676,6.341748558
Puerto Rico,2014,220,3470956,6.338311405
Uzbekistan,2011,1640,25978049,6.313022198
Chile,1989,725,11501000,6.30379967
Malta,2004,24,380918,6.300568626
Thailand,2010,3761,59769764,6.292479254
Thailand,1987,3035,48376410,6.273718947
Malta,2012,25,399138,6.263497838
Belize,2002,14,224136,6.24620766
Israel,1985,234,3753500,6.234181431
Saint Vincent and Grenadines,1999,6,96685,6.205719605
Seychelles,2011,5,80717,6.194481955
Chile,1987,693,11209000,6.182531894
Seychelles,2005,5,80900,6.180469716
Chile,1988,697,11306000,6.164868212
Uzbekistan,2003,1416,22982883,6.161106942
Belize,1998,12,195108,6.150439756
Saint Lucia,2012,10,163940,6.099792607
Panama,2006,185,3037959,6.089614771
Costa Rica,2014,268,4403674,6.085827425
Guyana,1997,40,657584,6.082873063
Israel,2012,430,7095360,6.060298561
Ecuador,1993,574,9488483,6.049439094
Saint Vincent and Grenadines,2006,6,99463,6.032393956
Belize,2012,18,298946,6.021154322
Nicaragua,2012,316,5251443,6.017393695
Colombia,1999,2143,35629408,6.014694378
Chile,1993,740,12306400,6.013131379
Israel,2009,404,6731835,6.001335446
Israel,1996,306,5103700,5.995650215
Chile,1986,654,10931700,5.982601059
Costa Rica,1990,157,2627800,5.974579496
Colombia,2003,2269,38044513,5.964066356
Israel,1998,318,5360200,5.932614455
Thailand,1986,2798,47331465,5.911500943
Panama,2001,162,2742982,5.905981155
Panama,2008,186,3155636,5.894215936
Israel,2011,409,6971495,5.866747376
Saint Lucia,1998,8,136400,5.865102639
Colombia,1998,2052,34987039,5.865029047
Thailand,2006,3608,61636512,5.853673225
Brazil,2015,11163,191087085,5.841839076
Barbados,1992,14,240000,5.833333333
Barbados,1994,14,240300,5.82605077
Ecuador,1996,593,10195848,5.816092982
Colombia,2004,2244,38604716,5.812761322
Fiji,2002,42,723187,5.80762652
Albania,2008,160,2757059,5.803285312
Israel,2006,367,6334485,5.793683307
Portugal,1998,556,9617110,5.781362592
Panama,2005,172,2977595,5.776473966
Saint Lucia,1999,8,138813,5.763148985
Nicaragua,2014,311,5402424,5.756675152
Nicaragua,2015,315,5476483,5.751866663
Kiribati,1998,4,69570,5.749604715
Costa Rica,1993,164,2853700,5.746925045
Panama,1997,145,2526210,5.739823688
Panama,1998,148,2579433,5.737695067
Ecuador,2003,675,11771002,5.734431105
Costa Rica,1985,128,2236200,5.723996065
Panama,2002,160,2800046,5.714191838
Costa Rica,1986,131,2292900,5.713288848
Albania,1997,170,2977300,5.70987136
Uzbekistan,2010,1464,25651783,5.707205616
Costa Rica,1997,187,3279559,5.701986151
Ecuador,1999,616,10883283,5.660056805
Portugal,1999,545,9671357,5.635196798
Brazil,2014,10631,189285554,5.616382114
Brazil,2013,10513,187458852,5.608164079
Costa Rica,1988,138,2465200,5.597923089
Georgia,2014,194,3470600,5.58981156
Bahrain,2004,42,751559,5.588383613
Paraguay,2013,323,5786207,5.582240663
Belize,2013,17,305888,5.557589706
Ecuador,1997,579,10427773,5.552479902
Georgia,2015,192,3458400,5.551700208
Brazil,2012,10295,185591215,5.547137563
Cyprus,2013,45,813016,5.534946422
Uzbekistan,2009,1399,25288102,5.532245955
Costa Rica,1994,162,2929100,5.530709092
Panama,2007,171,3097138,5.521226371
Panama,2009,177,3214513,5.506277312
Costa Rica,2001,198,3606850,5.489554598
Cyprus,2008,41,747034,5.488371346
Colombia,2006,2177,39708676,5.482429079
Mexico,2014,6178,112692589,5.482170615
Ecuador,1995,546,9960563,5.481617856
Cyprus,2014,44,804818,5.467074544
Malta,2013,22,402728,5.462744085
Ecuador,1992,505,9253155,5.457597976
Mexico,2015,6234,114357884,5.451307581
Greece,2014,565,10380547,5.442873097
Ecuador,1991,494,9091700,5.433527283
Colombia,2008,2220,40859129,5.43330231
Belize,2009,15,276189,5.431063511
Panama,1999,143,2633348,5.430349502
Colombia,2009,2249,41436173,5.427624795
Chile,1992,658,12125000,5.426804124
Ecuador,1988,466,8593200,5.42289252
Colombia,2007,2181,40275206,5.415242321
Israel,2008,354,6565602,5.391737117
Malta,1992,18,334300,5.384385283
Portugal,2000,524,9740085,5.379829847
Uzbekistan,2004,1251,23300841,5.368904925
Colombia,2005,2102,39172790,5.365969593
Saint Lucia,2004,8,149121,5.364770891
Costa Rica,1992,149,2778400,5.362798733
Brazil,2011,9822,183656441,5.34802915
Guyana,1998,35,657089,5.3265235
Panama,2000,143,2688510,5.318931304
Saint Lucia,1996,7,131621,5.318300271
Paraguay,2011,298,5610499,5.311470513
Saint Vincent and Grenadines,1990,5,94141,5.311182163
Suriname,1996,21,395805,5.30564293
Malta,2003,20,377785,5.294016438
Belize,2010,15,283796,5.285486758
Ecuador,1994,512,9725255,5.264643446
Colombia,2015,2332,44490427,5.241577025
Brazil,2009,9346,179569551,5.20466858
Belize,2003,12,230890,5.19728009
Brazil,2010,9429,181629712,5.191331251
Paraguay,2009,283,5456220,5.186741004
Israel,2014,382,7366252,5.185812269
Brazil,2008,9184,177471632,5.17491156
Uzbekistan,2005,1221,23600347,5.173652743
Mexico,2011,5558,107655100,5.162783742
Saint Vincent and Grenadines,2000,5,96956,5.156978423
Ecuador,2001,584,11328328,5.155217963
Israel,2013,372,7226008,5.148070691
Seychelles,1987,3,58300,5.145797599
Mexico,2013,5711,111036708,5.143344127
Ecuador,2014,734,14295145,5.134610387
Ecuador,1985,393,7661800,5.129342974
Bahrain,2005,42,819540,5.124826122
Ecuador,1998,546,10656446,5.123659426
Greece,2015,529,10331286,5.120369333
Albania,1998,154,3012700,5.111693829
Barbados,1988,12,234800,5.110732538
Greece,2013,533,10431289,5.109627391
Ecuador,1990,448,8800933,5.090369396
Albania,2004,146,2874991,5.078276767
Malta,2002,19,374456,5.074027389
Cyprus,2016,36,711344,5.060842574
Israel,2007,326,6448814,5.055193094
Brazil,2007,8855,175293192,5.051536742
Malta,2011,20,396423,5.045115949
Cyprus,2015,40,796037,5.024892059
Ecuador,1989,431,8578619,5.024118684
Colombia,2010,2107,41989103,5.017968591
Fiji,2001,36,719459,5.003759769
Brazil,2005,8529,170483960,5.002816687
Saint Vincent and Grenadines,2011,5,100037,4.998150684
Saint Vincent and Grenadines,2010,5,100050,4.997501249
Ecuador,2002,577,11548770,4.996203059
Brazil,2006,8618,172974722,4.982230872
Costa Rica,1987,119,2400700,4.956887574
Malta,2005,19,384111,4.946486823
Malta,1995,17,344900,4.928964917
Colombia,2012,2119,43055864,4.92151313
Mexico,2012,5381,109368765,4.9200519
Saint Lucia,2011,8,162892,4.911229526
Bahrain,2000,29,590594,4.910310636
Fiji,2008,37,753658,4.909388609
Saint Lucia,1991,6,122496,4.898119122
Belize,2005,12,245020,4.897559383
Fiji,2011,38,776325,4.89485718
Grenada,1989,4,81805,4.88967667
Saint Lucia,2001,7,143166,4.889429054
Bahrain,2003,34,702913,4.837013969
Colombia,2014,2126,44021800,4.829425421
Paraguay,2012,275,5695283,4.828557246
Cyprus,2010,38,787081,4.82796561
Mexico,2009,5023,104044342,4.827749307
Seychelles,2008,4,82900,4.82509047
Greece,2012,508,10539802,4.819824889
Brazil,2001,7710,160178796,4.813371178
Ecuador,2013,676,14054613,4.809808708
Ecuador,2000,534,11109383,4.806747593
Paraguay,2006,251,5223460,4.805244034
Colombia,2011,2044,42538305,4.805080973
Seychelles,2009,4,83429,4.794495919
Ecuador,1986,377,7881300,4.783474807
Seychelles,2014,4,83845,4.770707854
Brazil,2004,7995,167993068,4.759124942
Colombia,2013,2068,43546298,4.748968558
Brazil,2003,7839,165396911,4.739508104
Malta,1993,16,337700,4.737933077
Brazil,2002,7697,162761414,4.729007822
Albania,2002,133,2818839,4.718254572
Saint Lucia,1994,6,127557,4.703779487
Belize,1994,8,170874,4.68181233
Ecuador,1987,390,8356800,4.666858128
Paraguay,2005,239,5126457,4.662089236
Paraguay,2004,234,5027301,4.654585035
Aruba,2001,4,86045,4.648730316
Costa Rica,1991,125,2704000,4.622781065
Panama,2010,151,3274415,4.611510758
Brazil,1997,6891,149932627,4.596064338
Grenada,1994,4,87036,4.595799439
Mexico,2010,4858,105875861,4.588392438
Albania,1999,139,3029700,4.587912995
Grenada,1988,4,87300,4.581901489
Panama,1996,113,2472851,4.569624292
Israel,2015,342,7516180,4.550183737
Brazil,1996,6698,147353130,4.545543077
Saint Lucia,1986,5,110000,4.545454545
Mexico,2008,4642,102170587,4.543381942
Brazil,1998,6922,152524311,4.538292915
Georgia,2009,188,4158750,4.520589119
Brazil,1995,6536,144783591,4.514323726
Georgia,1999,189,4187750,4.513163393
Albania,2007,124,2770344,4.475978434
Greece,2011,477,10728724,4.446008677
Belize,1996,8,180926,4.421697268
Cyprus,2012,36,814305,4.420947925
Mexico,2005,4274,96730008,4.418484076
Malta,1994,15,341700,4.389815628
Thailand,1994,2307,52691000,4.378356835
Greece,1987,410,9387400,4.367556512
Greece,1985,405,9275400,4.366388512
Albania,2003,124,2843929,4.36016511
Belize,2006,11,252826,4.350818349
Mexico,2003,4070,93758859,4.340923133
Grenada,2003,4,92567,4.321194378
Panama,2011,144,3334191,4.31888875
Mexico,2006,4230,98468839,4.295775235
Panama,1987,85,1980800,4.291195477
Brazil,2000,6763,157715991,4.288087693
Malta,1997,15,350400,4.280821918
Georgia,2004,175,4089850,4.278885534
Paraguay,2007,227,5307169,4.277233305
Mexico,2007,4285,100294297,4.272426377
Greece,1988,403,9450000,4.264550265
Qatar,2001,23,539483,4.263341014
Mexico,2004,4056,95193068,4.260814453
Albania,2001,119,2799349,4.250988355
Panama,1986,82,1939900,4.227022011
Aruba,2009,4,94795,4.219631837
Aruba,2008,4,94814,4.218786255
Azerbaijan,2001,317,7518000,4.216546954
Panama,1988,87,2064310,4.21448329
Greece,1986,393,9334000,4.210413542
Bahrain,2008,43,1024110,4.19876771
Brazil,1999,6507,155122073,4.194760858
Panama,2014,147,3520213,4.175883675
Cyprus,2009,32,767174,4.171152828
Georgia,1997,176,4240600,4.150356082
Greece,1993,412,9930405,4.148874089
Brazil,1994,5896,142188450,4.146609658
Bahrain,2007,40,964770,4.146065902
Mexico,2002,3826,92394316,4.140947372
Guatemala,2009,511,12359945,4.134322604
Mexico,2001,3760,91052714,4.129476031
Paraguay,2008,222,5382169,4.124731126
Belize,2008,11,268487,4.097032631
Georgia,1992,204,4988700,4.089241686
Guatemala,2008,492,12032885,4.088794998
Fiji,2012,32,782939,4.087163879
Bahamas,2000,11,269738,4.078031275
Saint Vincent and Grenadines,2003,4,98292,4.069507183
Saint Vincent and Grenadines,2004,4,98740,4.051043144
Paraguay,2010,223,5534703,4.029123153
Greece,1989,383,9527500,4.019942272
Saint Vincent and Grenadines,2008,4,99826,4.006972132
Colombia,1985,1001,25052400,3.99562517
Barbados,2000,10,251133,3.981953785
Panama,2012,135,3395244,3.976150168
Brazil,1993,5508,139615477,3.945121356
San Marino,2000,1,25369,3.941818755
Georgia,1990,196,4986400,3.930691481
Mexico,1997,3350,85340880,3.925434094
Greece,1991,381,9721144,3.919291804
Turkmenistan,2010,178,4551185,3.911069315
Greece,1998,403,10310630,3.908587545
Colombia,1994,1198,30874600,3.880212213
Mexico,2000,3456,89694793,3.853066476
Brazil,1991,5156,134281850,3.839684961
Mexico,1998,3312,86825678,3.814539749
Brazil,1987,4672,122822467,3.803864321
Brazil,1992,5207,137007021,3.800535157
Bahrain,2002,25,661010,3.782091042
Greece,2005,400,10582816,3.779712319
Armenia,1995,130,3443200,3.775557621
Mexico,1999,3327,88271977,3.769033065
Panama,2013,130,3457387,3.760065043
Georgia,1996,162,4310350,3.75839549
Cyprus,2011,30,800820,3.746160186
Georgia,2013,157,4192600,3.744693031
Colombia,1986,958,25585600,3.744293665
Greece,2006,394,10618891,3.710368625
Seychelles,2012,3,81224,3.693489609
Bahrain,2001,23,624083,3.685407229
Paraguay,2002,177,4809921,3.679894119
Turkmenistan,2009,165,4484467,3.679367024
Greece,1999,381,10362363,3.676767548
Qatar,2007,41,1115479,3.675551041
Greece,2000,382,10403059,3.671996862
Guatemala,2014,512,13947190,3.670990357
Colombia,1992,1086,29615400,3.667011082
Greece,1995,370,10101632,3.66277449
Brazil,1990,4803,131387553,3.655597422
Greece,1997,374,10248806,3.649205576
Greece,2009,391,10719618,3.647518037
Greece,1990,349,9617000,3.62899033
Colombia,1997,1242,34338825,3.6168972
Mexico,1995,2877,79927100,3.599530072
Brazil,1985,4228,117478900,3.598944151
Brazil,1986,4271,118776400,3.595832169
Bahrain,1988,14,389700,3.592507057
Mexico,1996,3008,83802294,3.589400548
Malta,2008,14,390195,3.587949615
Colombia,1993,1085,30242200,3.587701953
Colombia,1996,1209,33703636,3.587150063
Paraguay,1999,161,4492220,3.583974071
Greece,1992,351,9834155,3.569193286
Greece,2003,375,10515665,3.566108278
Brazil,1988,4466,125701294,3.552867165
Greece,1994,355,10018932,3.54329184
San Marino,2005,1,28264,3.538069629
Paraguay,2003,174,4920489,3.536233899
Grenada,1993,3,85304,3.516833912
Georgia,1998,148,4209250,3.516065807
Greece,2010,377,10735384,3.511751419
Albania,2010,96,2736025,3.508739869
Barbados,2006,9,256883,3.503540522
Greece,1996,356,10178479,3.49757562
Greece,2008,373,10686723,3.490312231
Colombia,1995,1150,33090899,3.475275785
Brazil,1989,4463,128570308,3.471252476
Georgia,1991,174,5018550,3.467136922
Guatemala,2015,494,14258397,3.464625091
Barbados,1986,8,231600,3.454231434
Fiji,2009,26,762403,3.410269897
Malta,1998,12,353400,3.395585739
Colombia,1987,951,28009432,3.395284845
Guatemala,1987,241,7108740,3.390192917
Paraguay,2000,154,4598158,3.34916721
Greece,2004,353,10547290,3.346831271
Guatemala,2013,455,13641878,3.335317909
Panama,1989,70,2112479,3.313642408
Colombia,1991,1010,30584178,3.30236111
Mexico,1994,2588,78374100,3.302111284
Fiji,2004,24,728408,3.294856729
Bahrain,2009,36,1092922,3.293922165
Armenia,1994,112,3402500,3.291697281
Fiji,2006,24,737759,3.253094845
Paraguay,2001,152,4701314,3.23313865
Greece,2001,334,10441529,3.198765238
Colombia,1988,912,28649501,3.183301517
Grenada,2007,3,94418,3.177360249
Bahrain,2006,28,888543,3.151226221
Guatemala,2012,420,13335425,3.149505921
Armenia,1993,106,3366600,3.1485772
Paraguay,1998,138,4388094,3.144873378
Georgia,1995,138,4410850,3.128648673
Georgia,2000,130,4165600,3.120798925
Mauritius,1986,28,898100,3.117692907
Armenia,1990,93,2983700,3.116935349
Saint Vincent and Grenadines,1997,3,96255,3.116721209
Qatar,2006,29,940090,3.084811029
Greece,2002,323,10482045,3.081459772
Greece,2007,328,10653591,3.078774096
Qatar,2016,68,2213121,3.072583921
Panama,2015,110,3583382,3.069725751
Belize,2007,8,260667,3.069049784
Mexico,1993,2342,76826800,3.048415397
Kiribati,1995,2,65923,3.033842513
Albania,1995,88,2903400,3.030929255
Barbados,1985,7,231000,3.03030303
Albania,1996,89,2940200,3.027004966
Malta,1991,10,330800,3.022974607
Qatar,2004,21,697191,3.012087075
Bahrain,1985,11,365900,3.00628587
Bahrain,1999,17,565762,3.00479707
Fiji,2005,22,732607,3.00297431
Bahamas,2010,10,333869,2.995186735
Saint Vincent and Grenadines,2015,3,100948,2.971827079
Mexico,1992,2237,75285800,2.971343866
Panama,1985,56,1899700,2.947833869
Turkmenistan,2012,138,4690058,2.942394316
Paraguay,1997,126,4284973,2.94050861
Guatemala,1986,203,6924188,2.931751709
Qatar,2009,44,1506649,2.920388226
Philippines,2011,2449,84201767,2.908490032
Paraguay,1995,118,4076758,2.894456821
Colombia,1990,865,29930973,2.889982895
Trinidad and Tobago,1985,29,1008000,2.876984127
Bahamas,1993,7,243500,2.874743326
Malta,1996,10,348200,2.871912694
Colombia,1989,831,29289829,2.837162347
Turkmenistan,2014,136,4811227,2.826721749
Armenia,2006,78,2764396,2.821592854
Mexico,1991,2103,74796300,2.811636404
Turkmenistan,2011,130,4626095,2.81014549
Armenia,2012,79,2814300,2.80709235
Malta,1988,9,320800,2.805486284
Qatar,2015,66,2354147,2.803563244
Guatemala,2007,327,11708397,2.792867375
Armenia,2016,67,2400033,2.791628282
Qatar,2010,47,1689592,2.781736656
Paraguay,1990,99,3560229,2.780720004
Belize,1987,4,144069,2.776447397
Guatemala,2010,352,12682151,2.775554399
Guatemala,2011,359,13017342,2.757859477
Armenia,2010,73,2676225,2.727722819
Georgia,1994,123,4518900,2.721901348
Turkmenistan,2015,133,4886514,2.72177671
Paraguay,1994,108,3972517,2.718679366
Qatar,2011,50,1854081,2.69675381
Albania,1987,73,2709600,2.694124594
Georgia,2010,112,4193800,2.670608994
Cyprus,2006,19,713426,2.663205434
Antigua and Barbuda,2000,2,75326,2.65512572
Armenia,2015,74,2795335,2.64726768
Saint Lucia,2005,4,151169,2.646045155
Mexico,1990,1926,73076900,2.63557978
Guatemala,2006,298,11397134,2.614692431
Antigua and Barbuda,2001,2,76497,2.614481614
Mexico,1989,1865,71359000,2.613545593
Cyprus,2007,19,728566,2.607862568
Albania,1993,73,2807300,2.600363338
Armenia,2007,71,2735313,2.595681006
Turkey,2013,1810,69880352,2.590141504
Barbados,1987,6,233700,2.567394095
Philippines,2010,2116,82760992,2.556760074
Philippines,2009,2074,81193855,2.554380501
Kuwait,2005,52,2062968,2.520640165
Qatar,2008,33,1310465,2.518190108
Guatemala,2002,258,10277166,2.510419701
Armenia,2011,67,2670366,2.509019363
Antigua and Barbuda,2004,2,79722,2.508717794
Armenia,1992,83,3308700,2.508538097
Mexico,1987,1701,67948100,2.503381257
Georgia,2007,104,4154900,2.503068666
Armenia,1996,87,3486300,2.495482316
Saint Lucia,1990,3,120537,2.488862341
Mexico,1986,1714,69123500,2.479619811
Saint Lucia,2010,4,161503,2.476734178
Armenia,1991,80,3230800,2.476166894
Georgia,2012,104,4200900,2.475659978
Bahrain,1987,9,363900,2.473206925
Guatemala,1999,234,9512666,2.45987823
Armenia,2002,74,3014844,2.454521693
Mexico,1988,1703,69646000,2.445222985
Malta,1990,8,327400,2.443494197
Qatar,2014,55,2251682,2.442618451
Guatemala,1995,211,8641512,2.441702332
Grenada,1990,2,82000,2.43902439
Albania,1989,68,2803100,2.425885627
Cyprus,2005,17,701263,2.424197484
Kuwait,1999,46,1898700,2.422710275
Georgia,2001,100,4140950,2.414904792
Guatemala,2003,253,10542980,2.399701033
Armenia,2013,67,2810664,2.383778353
Guatemala,1988,174,7300076,2.383536829
Paraguay,1996,99,4181422,2.36761561
Georgia,2011,99,4202600,2.355684576
Philippines,2006,1788,76435755,2.339219388
Guatemala,2004,250,10817808,2.311004226
Philippines,2008,1820,79595888,2.28655028
Mexico,1985,1544,67566000,2.285173016
Turkey,2014,1617,70931420,2.279666754
Albania,1988,63,2764300,2.279057989
Turkey,2010,1524,66975131,2.275471473
Bahamas,1999,6,264791,2.265938042
Azerbaijan,1992,144,6370400,2.260454603
Kuwait,2003,44,1950622,2.255690749
Kuwait,2004,45,1996086,2.254411884
United Arab Emirates,2005,96,4280433,2.242763758
Saint Vincent and Grenadines,1985,2,89800,2.227171492
Aruba,2003,2,90457,2.21099528
Armenia,1997,77,3526700,2.183344203
Philippines,2007,1698,78008654,2.176681577
Guatemala,1998,201,9273529,2.167459659
Philippines,2003,1544,71781489,2.150972377
Qatar,2012,43,2003149,2.146620147
Guatemala,1992,173,8069672,2.14382939
Guatemala,2005,238,11104906,2.14319689
Qatar,2005,17,796618,2.134021576
Turkey,2015,1532,71880464,2.131316236
Azerbaijan,1991,134,6290600,2.130162465
Turkmenistan,2013,101,4748055,2.127186816
Georgia,2005,87,4132000,2.105517909
Turkey,2012,1450,68976439,2.102167089
Grenada,2012,2,95426,2.095864859
Philippines,2000,1403,67243482,2.086447576
Kuwait,2002,45,2158603,2.08468162
Kuwait,2006,45,2165713,2.077837645
Kuwait,1994,30,1448000,2.071823204
Armenia,2014,58,2803029,2.069190151
Armenia,2008,63,3045391,2.068699881
Guatemala,1990,158,7683992,2.056222859
Jamaica,2005,51,2487169,2.05052411
Paraguay,1991,75,3662812,2.047607139
Paraguay,1985,63,3077314,2.047239898
Belize,1986,3,146800,2.04359673
Kuwait,1997,33,1617500,2.040185471
Guatemala,1989,152,7493108,2.028530751
Guatemala,2001,202,10015097,2.016955003
Guatemala,1993,165,8254958,1.998798783
Saint Vincent and Grenadines,2014,2,100676,1.986570782
Guatemala,1991,156,7880665,1.979528377
Guatemala,1997,179,9044205,1.979167876
Armenia,2009,53,2689695,1.970483642
Armenia,2003,59,3024366,1.95082209
Paraguay,1989,67,3459176,1.936877453
Albania,2000,54,2796300,1.93112327
Kuwait,2009,61,3165654,1.926932002
Jamaica,2011,50,2601037,1.922310217
Barbados,2009,5,260718,1.917780897
Kuwait,1998,35,1825766,1.917003603
Kuwait,1996,30,1568700,1.912411551
Paraguay,1987,62,3261975,1.900689
Belize,1990,3,158000,1.898734177
Armenia,1999,67,3580700,1.871142514
Guatemala,2000,182,9755585,1.865598014
Armenia,1998,66,3558000,1.854974705
Philippines,2002,1301,70256443,1.851787458
Azerbaijan,1990,114,6156800,1.851611227
Azerbaijan,1993,119,6442600,1.847080371
Bahamas,2009,6,327813,1.830311794
Kuwait,2014,68,3715284,1.830277309
United Arab Emirates,2006,90,4923879,1.827827207
Guatemala,1996,157,8832326,1.7775612
United Arab Emirates,2007,101,5695389,1.773364383
Paraguay,1986,56,3167535,1.767936266
Albania,1994,50,2849300,1.754816973
Philippines,2001,1204,68738092,1.751576113
Fiji,2007,13,745055,1.744837629
Seychelles,1986,1,57400,1.742160279
Qatar,2013,37,2135349,1.732737833
Georgia,2006,72,4166500,1.728069123
Kuwait,2000,34,1973153,1.723130441
Kuwait,1995,26,1511100,1.720600887
United Arab Emirates,2009,124,7252480,1.709759972
Armenia,2000,61,3606500,1.691390545
Turkey,2011,1148,68034357,1.687382744
Antigua and Barbuda,1990,1,59334,1.685374322
Guatemala,1994,142,8443914,1.681684584
Azerbaijan,2003,129,7674400,1.680913166
Bahrain,2010,19,1139160,1.667895642
Albania,1992,47,2822500,1.665190434
Armenia,2001,60,3610516,1.661812328
Kuwait,2007,51,3074918,1.658580814
Maldives,2007,5,305536,1.63646837
Bahrain,2011,18,1103462,1.631229712
Kuwait,2012,56,3496698,1.601510911
Azerbaijan,1997,107,6711200,1.594349744
Turkey,2009,1050,65962419,1.591815485
Bahamas,2007,5,314989,1.587357019
Philippines,1999,1043,65740201,1.586548237
Bahrain,2012,19,1201778,1.580990832
Antigua and Barbuda,1993,1,63315,1.579404564
United Arab Emirates,2008,100,6510358,1.536013841
Philippines,1993,846,56781569,1.489920083
Kuwait,2001,30,2038530,1.471648688
Maldives,2003,4,272110,1.469993753
Bahamas,2012,5,343558,1.455358338
Bahamas,2013,5,348959,1.432833084
United Arab Emirates,2010,111,7839736,1.415864004
Kuwait,1993,18,1273600,1.413316583
Jamaica,2009,36,2568883,1.401387296
Azerbaijan,2004,108,7738250,1.395664394
Kuwait,2008,47,3369394,1.394909589
Fiji,2003,10,725591,1.378186885
Philippines,1998,883,64252614,1.374263154
Bahamas,1987,3,220900,1.358080579
Bahamas,2005,4,301763,1.325543556
Saint Lucia,2006,2,153460,1.303271211
Philippines,1997,814,62772694,1.296742179
Antigua and Barbuda,2003,1,78658,1.271326502
Bahamas,2008,4,321447,1.2443731
Belize,1991,2,162200,1.233045623
Kuwait,2011,41,3333698,1.229865453
South Africa,2013,587,48192699,1.218026822
Azerbaijan,2002,92,7605700,1.209619101
Bahamas,1994,3,249300,1.203369434
Antigua and Barbuda,2007,1,83131,1.202920691
Kuwait,2010,39,3281614,1.188439591
Bahamas,1996,3,252438,1.18841062
South Africa,2014,580,48912129,1.185799947
Bahamas,2011,4,338383,1.182092481
Barbados,2004,3,254925,1.176816711
Maldives,2001,3,255503,1.174154511
Grenada,1985,1,85375,1.171303075
South Africa,2006,514,44079057,1.166086652
Kuwait,1985,17,1468000,1.158038147
Bahamas,1998,3,260125,1.153291687
Kuwait,2013,41,3574090,1.147145147
Barbados,2010,3,261927,1.145357294
Maldives,2002,3,263747,1.137453696
Grenada,1995,1,88433,1.130799588
Grenada,1996,1,89772,1.113933075
Antigua and Barbuda,2015,1,91889,1.088269543
Grenada,2004,1,93202,1.072938349
Grenada,2006,1,94126,1.062405711
Bahamas,2002,3,282555,1.061740192
Grenada,2011,1,95102,1.051502597
South Africa,2005,458,43566107,1.051275938
Kuwait,1986,16,1535300,1.042141601
Azerbaijan,1996,69,6668100,1.034777523
South Africa,2012,487,47484256,1.025603097
Cyprus,2004,7,690616,1.013587869
South Africa,2008,441,43680586,1.00960184
Saint Vincent and Grenadines,2009,1,99927,1.000730533
Kuwait,1987,16,1606300,0.996077943
South Africa,2015,482,49627460,0.971236489
South Africa,2007,417,44577435,0.935450862
South Africa,2001,384,41185599,0.932364733
South Africa,2004,383,43005874,0.890576018
South Africa,2010,393,46176200,0.85108779
Azerbaijan,2000,62,7415250,0.836114763
South Africa,2009,372,45607048,0.815663404
Cyprus,2000,7,875229,0.799790683
Azerbaijan,1998,56,7044400,0.794957697
Barbados,2001,2,252406,0.792374191
Bahamas,1995,2,254500,0.785854617
Bahamas,1997,2,255956,0.7813843
South Africa,2011,358,46806739,0.76484713
Azerbaijan,1999,54,7106400,0.759878419
Azerbaijan,1995,49,6605900,0.741761153
Bahrain,2014,9,1213966,0.741371669
Azerbaijan,1994,47,6521200,0.720726247
South Africa,1999,279,39907560,0.699115656
Azerbaijan,2007,55,7921100,0.694348007
Bahamas,2004,2,295237,0.677421868
South Africa,2000,267,40568559,0.658145141
Belize,1989,1,153088,0.653219064
Malta,1985,2,307200,0.651041667
Bahamas,2006,2,308499,0.648300319
Jamaica,1987,13,2070760,0.627788831
Philippines,1992,347,55304684,0.627433293
South Africa,2003,256,42415309,0.603555664
Maldives,2011,2,341018,0.586479306
Belize,1993,1,170800,0.585480094
South Africa,2002,236,41803868,0.564541061
Belize,1997,1,187650,0.532907008
Oman,2009,13,2607549,0.498552472
Bahamas,1985,1,203700,0.490918017
Oman,2010,13,2748440,0.47299559
South Africa,1998,180,39232468,0.458803662
Bahrain,2013,5,1214492,0.411694766
Jamaica,1985,8,2035000,0.393120393
Barbados,2005,1,255889,0.390794446
Barbados,2008,1,259414,0.385484207
South Africa,1996,143,37773652,0.378570756
Bahamas,2001,1,276140,0.362135149
Maldives,2004,1,280526,0.356473197
Bahamas,2003,1,288888,0.346154911
Maldives,2005,1,288936,0.346097406
Malta,1986,1,315800,0.316656111
Malta,1987,1,317400,0.315059861
Maldives,2010,1,331559,0.301605446
South Africa,1997,104,38528157,0.269932455
Jamaica,1988,5,2090603,0.239165447
Jamaica,2001,5,2391278,0.209093213
Oman,2014,7,3631098,0.192779154
Jamaica,1990,3,2131041,0.140776268
Bosnia and Herzegovina,2011,5,3673312,0.136116943
Jamaica,2000,3,2367841,0.126697696
Cyprus,1999,1,856733,0.116722479
Jamaica,2010,3,2586652,0.115980039
Jamaica,2002,2,2415717,0.082791155
Jamaica,2003,2,2440426,0.081952905
Jamaica,1986,1,2052531,0.048720336
Jamaica,1991,1,2154835,0.046407266
Jamaica,2004,1,2464408,0.040577697
Antigua and Barbuda,1985,0,62574,0
Dominica,1985,0,66400,0
Antigua and Barbuda,1986,0,61270,0
Saint Vincent and Grenadines,1986,0,90800,0
Antigua and Barbuda,1987,0,60261,0
Saint Vincent and Grenadines,1987,0,92036,0
Antigua and Barbuda,1988,0,59564,0
Antigua and Barbuda,1989,0,59238,0
Jamaica,1989,0,2111039,0
Saint Kitts and Nevis,1990,0,39100,0
Antigua and Barbuda,1991,0,60394,0
Grenada,1991,0,82400,0
Saint Kitts and Nevis,1991,0,39100,0
Antigua and Barbuda,1992,0,61741,0
Grenada,1992,0,83528,0
Saint Kitts and Nevis,1992,0,39100,0
Antigua and Barbuda,1994,0,65044,0
Antigua and Barbuda,1995,0,66846,0
Qatar,1995,0,463449,0
Bahrain,1997,0,529754,0
Antigua and Barbuda,1998,0,72225,0
Bahrain,1998,0,546008,0
Antigua and Barbuda,1999,0,73832,0
Kiribati,1999,0,70938,0
Kiribati,2000,0,72440,0
Maldives,2000,0,247387,0
Montenegro,2000,0,578668,0
Grenada,2001,0,91415,0
Kiribati,2001,0,73851,0
Montenegro,2001,0,578668,0
Antigua and Barbuda,2002,0,77588,0
Barbados,2002,0,253353,0
Grenada,2002,0,91908,0
Montenegro,2002,0,578668,0
Barbados,2003,0,254122,0
Montenegro,2003,0,579688,0
Montenegro,2004,0,581623,0
Albania,2005,0,2783320,0
Antigua and Barbuda,2005,0,80809,0
Albania,2006,0,2780176,0
Antigua and Barbuda,2006,0,81973,0
Jamaica,2006,0,2512597,0
Montenegro,2006,0,584885,0
Slovakia,2006,0,5129369,0
Barbados,2007,0,258083,0
Slovakia,2007,0,5132660,0
Antigua and Barbuda,2008,0,84273,0
Grenada,2008,0,94585,0
Maldives,2008,0,313924,0
Saint Lucia,2008,0,157876,0
Albania,2009,0,2745735,0
Antigua and Barbuda,2009,0,85405,0
Grenada,2009,0,94746,0
Grenada,2010,0,94980,0
Barbados,2011,0,263203,0
Antigua and Barbuda,2012,0,88703,0
Barbados,2012,0,264270,0
Antigua and Barbuda,2013,0,89779,0
Barbados,2013,0,265165,0
Grenada,2013,0,95876,0
Saint Vincent and Grenadines,2013,0,100398,0
Antigua and Barbuda,2014,0,90837,0
Grenada,2014,0,96393,0
Grenada,2015,0,96892,0
Grenada,2016,0,79012,0
,,,,
,,,,
,,,,
,,,,
,,,,
,,,,
,,,,
,,,,
,,,,
,,,,
,,,,
,,,,
,,,,
,,,,
,,,,
,,,,
,,,,
,,,,
,,,,
,,,,
,,,,
,,,,
,,,,
,,,,
,,,,
,,,,
,,,,
,,,,
,,,,
,,,,
,,,,
,,,,
,,,,
,,,,
,,,,
,,,,
,,,,
,,,,
,,,,
,,,,
,,,,
,,,,
,,,,
,,,,
,,,,
,,,,
,,,,
,,,,
,,,,
,,,,
,,,,
,,,,
,,,,
,,,,
,,,,
,,,,
,,,,
,,,,
,,,,
,,,,
,,,,
,,,,
,,,,
,,,,
,,,,
,,,,
,,,,
,,,,
,,,,
,,,,
,,,,
,,,,
,,,,
,,,,
,,,,
,,,,
,,,,
,,,,
,,,,
,,,,
,,,,
,,,,
